source_id,chapter_id,lesson_id,role,why
,,revisao-atividade.html,no_book_covers,A página organiza os eixos já ensinados; o mapa não identifica livro-base essencial próprio para essa comparação transversal. Os capítulos primários das aulas pré-requisito entram apenas como background.
dossier-atividade-05-10,19-17-decisao-c-579-2013,revisao-atividade.html,supporting,"Dossiê, pp. 273–283, §§ 3, 8.4.7–8.4.9 e 9.3–9.9, com votos: recorte específico da seleção penal em C-579/2013, terceiro polo do exercício comparativo; não puxa as demais decisões colombianas."
c-579-13,decision,revisao-atividade.html,supporting,"Dispositivo oficial, pp. 357–358: fixa a exequibilidade condicionada do art. 1º, inciso 4º, do Acto Legislativo 01/2012; dá o resultado que a resposta transversal compara com a anistia e a maioria popular."
c-579-13,dissent-sierra,revisao-atividade.html,supporting,"Salvamento parcial de Mauricio González Cuervo, pp. 371–375: defende o caráter irrenunciável do dever de investigar, julgar e sancionar crimes graves; fornece a divergência sobre seleção penal e impunidade no exercício transversal."
gargarella-gelman,"II. LA CORTE INTERAMERICANA, LAS AMNISTÍAS Y LA DEMOCRACIA",revisao-atividade.html,supporting,"Seção II, pp. 3–11, comenta Gelman §§ 226 e 238–239 e confronta consultas populares com obrigações internacionais; oferece o contraponto teórico específico ao polo Gelman do exercício."
gargarella-gelman,III. SOBRE EL DERECHO DEMOCRÁTICO A REFLEXIONAR SOBRE EL CASTIGO,revisao-atividade.html,supporting,"Seção III, pp. 12–15, discute Gelman §§ 230–232, o dever de sancionar e alternativas ao castigo penal; ajuda a comparar a anistia uruguaia com os critérios de seleção em C-579/2013."
adpf153,ayres-britto,revisao-atividade.html,background,"Primária de aula-03.html levada como background: Use the separate vote’s discussion of the scope of Lei 6.683/79 and its conclusion (PDF pp. 140–146): Ayres Britto would exclude crimes in CF art. 5º, XLIII from the amnesty, a distinct dissent the mapped comparison must identify."
adpf153,decision-line,revisao-atividade.html,background,"Primária de aula-03.html levada como background: The official plenary record (PDF pp. 265–266) states the ADPF’s final result and names the two dissenting positions, fixing the holding and vote division required by the mapped outcome."
adpf153,ementa-acordao,revisao-atividade.html,background,"Primária de aula-03.html levada como background: Official STF ementa/acórdão (PDF pp. 1–4) identifies the ADPF and summarizes the majority’s treatment of Lei 6.683/79, the breadth and historical setting of the amnesty, and the invoked international torture norms; it supplies the mapped case’s holding and stated grounds."
adpf153,eros-grau,revisao-atividade.html,background,"Primária de aula-03.html levada como background: Use the relator’s vote at §§ 25–29 for the meaning of connected crimes and bilateral amnesty, §§ 42–43 for the timing and domestic reach of international instruments, and §§ 46–47 for institutional authority to revise the amnesty; these are the majority grounds directly tested by the eixo."
adpf153,lewandowski,revisao-atividade.html,background,"Primária de aula-03.html levada como background: Use vote sections 3–8 (PDF pp. 106–130), especially §§ 7–8, where the dissent addresses access to jurisdiction, the ICCPR/Corte IDH duty to investigate, prosecute and punish, and its narrower reading of the amnesty; this gives the mapped legal divergence and disposition."
adpf347-merits-2023,relatorio,revisao-atividade.html,background,"Primária de aula-07.html levada como background: ADPF 347/DF, Relatório, PDF pp. 24–26: registra a sessão plenária de 09/09/2015, a declaração cautelar do ECI e a síntese das medidas deferidas; é o recorte indexado disponível da cautelar de 2015, cujo acórdão autônomo segue marcado como missing na shelf."
auto-008-09,considerando-018,revisao-atividade.html,background,"Primária de aula-08.html levada como background: Explicita critérios de superação do ECI, incluindo correção de causas estruturais, contribuição territorial e participação efetiva das pessoas deslocadas e da sociedade civil."
auto-008-09,considerando-019,revisao-atividade.html,background,"Primária de aula-08.html levada como background: Define a necessidade de a entidade coordenadora avaliar cada componente crítico e o desempenho das entidades responsáveis, diretamente ligado à coordenação institucional."
auto-008-09,considerando-021,revisao-atividade.html,background,"Primária de aula-08.html levada como background: Registra indicadores obrigatórios para medir avanço, estagnação ou retrocesso na superação do ECI; base para avaliar o monitoramento judicial."
auto-008-09,dispositivo,revisao-atividade.html,background,"Primária de aula-08.html levada como background: Ordens 2, 5, 8–12 e 17, 19–20 concretizam coordenação, reformulação de políticas com participação, revisão de indicadores e verificação pública do seguimento."
auto-176-05,considerando-008,revisao-atividade.html,background,"Primária de aula-08.html levada como background: No seguimento de T-025, avalia o cumprimento do esforço orçamentário e as posições das entidades envolvidas, mostrando como a Corte examina responsabilidades e execução."
auto-176-05,dispositivo,revisao-atividade.html,background,Primária de aula-08.html levada como background: Contém ordens e prazos para informações e programação orçamentária no cumprimento de T-025; fonte primária para a etapa de acompanhamento.
engelmann-bandeira-2017,estudos-caso,revisao-atividade.html,background,"Primária de aula-02.html levada como background: Nas pp. 906–923, examina trajetórias histórico-políticas e percursos de 286 ministros das Cortes Superiores de Argentina, Brasil, Chile, Colômbia e Venezuela (1990–2015), núcleo comparativo da função mapeada."
gelman-supervision-2013,considerando-003,revisao-atividade.html,background,"Primária de aula-05.html levada como background: O considerando 3 afirma o dever de cumprimento integral das sentenças da Corte e sua implementação interna, premissa para distinguir votação doméstica e obrigação internacional."
gelman-supervision-2013,considerando-103,revisao-atividade.html,background,"Primária de aula-05.html levada como background: O considerando 103 qualifica a decisão da Suprema Corte uruguaia de 22/02/2013 como obstáculo ao cumprimento de Gelman, ligando decisão nacional e obrigação interamericana."
gelman-supervision-2013,considerando-104,revisao-atividade.html,background,"Primária de aula-05.html levada como background: O considerando 104 declara vinculante a sentença internacional em sua integralidade para todos os órgãos uruguaios e exige medidas de investigação, julgamento e sanção."
gelman-supervision-2013,dispositivo,revisao-atividade.html,background,Primária de aula-05.html levada como background: Usar especificamente o dispositivo
gelman-v-uruguay-2011,fondo-vi-3,revisao-atividade.html,background,"Primária de aula-05.html levada como background: Usar especificamente §§ 238–239: a Corte enfrenta o referendo de 1989 e o plebiscito de 2009 e formula o limite de direitos humanos à regra de maiorias, núcleo literal do eixo."
gelman-v-uruguay-2011,puntos-resolutivos,revisao-atividade.html,background,Primária de aula-05.html levada como background: Usar especificamente pontos resolutivos 6 e 11: ligam a interpretação da Lei de Caducidad às violações internacionais e à ordem para que ela não volte a obstruir investigação e sanção.
gelman-v-uruguay-2011,voto-concurrente-vio-grossi,revisao-atividade.html,background,"Primária de aula-05.html levada como background: O voto separado examina a atribuição ao Estado de atos de participação popular e se a democracia, por si, assegura respeito ao Direito Internacional; fornece a divergência interpretativa do caso."
oc28-21,v-principios-democracia-representativa,revisao-atividade.html,background,"Primária de aula-06.html levada como background: § V, ¶¶ 71–86 (em especial 71, 75, 78–86): a maioria explica que soberania eleitoral não remove limites jurídicos, relaciona alternância e não perpetuação no poder e preserva escolha estatal do sistema político sob compatibilidade convencional."
oc28-21,vi-a-reeleccion-como-derecho-autonomo,revisao-atividade.html,background,"Primária de aula-06.html levada como background: § VI.A, ¶¶ 92–102 (conclusão no ¶ 102): a Corte IDH conclui que a reeleição presidencial indefinida não é direito autônomo protegido; é o ponto de contraste direto com a fundamentação do TCP em direitos políticos."
oc28-21,vi-b-compatibilidad-prohibicion-derechos-politicos,revisao-atividade.html,background,"Primária de aula-06.html levada como background: § VI.B, ¶¶ 103–126 (conclusão no ¶ 126): a Corte aplica o art. 23 da Convenção e o exame de restrições para concluir que a proibição da reeleição indefinida é compatível com os direitos políticos."
oc28-21,vii-compatibilidad-obligaciones-ddhh,revisao-atividade.html,background,"Primária de aula-06.html levada como background: § VII, ¶¶ 127–148 (conclusões nos ¶¶ 146–148): a Corte conecta perpetuação no poder, salvaguardas democráticas e obrigações convencionais, concluindo que habilitar a reeleição presidencial indefinida contraria os princípios da democracia representativa e as obrigações interamericanas."
oc28-21,viii-opinion,revisao-atividade.html,background,"Primária de aula-06.html levada como background: § VIII, ¶ 149 e itens de opinião 1–4: fixa competência consultiva, ausência de direito autônomo à reeleição indefinida, compatibilidade de sua proibição e contrariedade de sua habilitação aos princípios democráticos e às obrigações interamericanas; registra os dois votos dissidentes."
re566471-official-docket,tema-6-docket-record,revisao-atividade.html,background,"Primária de aula-09.html levada como background: A unidade oficial registra o leading case RE 566.471, o andamento e o início da tese do Tema 6 explicitamente nomeado no mapa; sustenta apenas o teor e o status registrados, pois não é o inteiro teor do acórdão."
scj-uruguay-20-2013,discordia-perez-manrique-v,revisao-atividade.html,background,"Primária de aula-05.html levada como background: A seção V da discordância de Pérez Manrique traz sua posição substantiva sobre os arts. 2–3 e os limites da soberania estatal por direitos humanos, preservando a divergência exigida pelo resultado de aprendizagem."
scj-uruguay-20-2013,fallo-mayoria,revisao-atividade.html,background,"Primária de aula-05.html levada como background: A parte dispositiva fixa o resultado da SCJ 20/2013 sobre os arts. 1–3 da Lei 18.831, necessário para reconstruir com precisão a resposta judicial uruguaia."
scj-uruguay-20-2013,mayoria-iii,revisao-atividade.html,background,"Primária de aula-05.html levada como background: A seção III da maioria expõe a posição da SCJ sobre a eficácia da sentença e da jurisprudência interamericanas perante o controle constitucional nacional, contraste central do resultado de aprendizagem."
scj-uruguay-20-2013,mayoria-vi,revisao-atividade.html,background,"Primária de aula-05.html levada como background: A seção VI fundamenta a declaração de inconstitucionalidade dos arts. 2 e 3 da Lei 18.831 em legalidade e irretroatividade penal, mostrando o fundamento constitucional da decisão interna."
scp-0084-2017,iii-7-1-normas-constitucionales,revisao-atividade.html,background,"Primária de aula-06.html levada como background: § III.7.1, pp. 61–64: os parágrafos que classificam os arts. 26 e 28 da CPE como normas-princípio e os arts. 156, 168, 285.II e 288 como normas-regra resolvem a antinomia em favor da participação política e da soberania popular; razão constitucional central do TCP."
scp-0084-2017,iii-7-2-aplicacion-tratados,revisao-atividade.html,background,"Primária de aula-06.html levada como background: § III.7.2, pp. 64–74: a aplicação preferente do art. 23 da CADH e o controle de convencionalidade explicam o fundamento internacional usado pelo TCP para afastar os limites de reeleição; permite comparar a decisão nacional com a interpretação consultiva posterior."
scp-0084-2017,iii-7-3-igualdad-prohibicion,revisao-atividade.html,background,"Primária de aula-06.html levada como background: § III.7.3, pp. 74–79, especialmente pp. 75–78: a Corte aplica igualdade, art. 23 da CADH e proporcionalidade às restrições de candidatura, expondo por que considerou discriminatória e injustificada a limitação de reeleições."
scp-0084-2017,por-tanto,revisao-atividade.html,background,"Primária de aula-06.html levada como background: Parte dispositiva, pontos 1–2, p. 79: identifica exatamente a aplicação preferente do art. 23 sobre as frases constitucionais de limite e a inconstitucionalidade dos dispositivos da Lei do Regime Eleitoral; delimita o que o TCP decidiu, sem atribuir-lhe anulação do referendo."
sta175-official-search-record,official-search-result,revisao-atividade.html,background,"Primária de aula-09.html levada como background: A unidade oficial de pesquisa identifica STA 175 AgR, caso nomeado no programa; seu alcance é apenas a identificação do registro (não há inteiro teor nem fundamento ou holding indexado), portanto não sustenta alegações de mérito."
t-025-04,considerando-10,revisao-atividade.html,background,Primária de aula-08.html levada como background: Reúne as ordens estruturais consideradas pela Corte e permite avaliar a extensão da intervenção e a distribuição de tarefas entre instituições.
t-025-04,considerando-6-3-1,revisao-atividade.html,background,"Primária de aula-08.html levada como background: No eixo sobre litígio estrutural, este trecho identifica a precariedade da capacidade institucional que exige coordenação entre órgãos para executar a política de atendimento."
t-025-04,considerando-7,revisao-atividade.html,background,Primária de aula-08.html levada como background: Fixa a declaração do estado de coisas inconstitucional na política de deslocamento; dá o fundamento estrutural contra o qual se avaliam as ordens e o seguimento.
t-025-04,dispositivo,revisao-atividade.html,background,Primária de aula-08.html levada como background: Traz os comandos operativos da T-025/2004; as ordens do dispositivo permitem comparar a declaração estrutural com os deveres concretos impostos às autoridades.
t-153-98,antecedentes-t137001,revisao-atividade.html,background,"Primária de aula-07.html levada como background: Antecedentes, processo T-137001, §§ 1–3.3, registram a tutela individual por condições de encarceramento e as respostas institucionais; expõem o ponto de partida concreto que a Corte relaciona ao problema estrutural."
t-153-98,consideracion-51,revisao-atividade.html,background,"Primária de aula-07.html levada como background: Fundamentos jurídicos, § 51, apresenta a função da Corte constitucional de proteger minorias com pouco acesso político e de convocar diferentes órgãos a enfrentar o ECI."
t-153-98,consideracion-53,revisao-atividade.html,background,"Primária de aula-07.html levada como background: Fundamentos jurídicos, § 53, define o ECI por violações gerais e causas estruturais que exigem ação coordenada; aplica os critérios às violações prisionais e justifica ordens a órgãos competentes."
t-153-98,consideracion-55,revisao-atividade.html,background,"Primária de aula-07.html levada como background: Fundamentos jurídicos, § 55, liga violações sistemáticas e crônicas à comunicação da Corte a autoridades executivas, legislativas e judiciais, delimitando uma resposta institucional plural."
t-153-98,consideracion-57,revisao-atividade.html,background,"Primária de aula-07.html levada como background: Fundamentos jurídicos, § 57, justifica o dever de financiar condições prisionais dignas e pondera o custo público temporário, oferecendo a razão e o limite material discutidos para a intervenção."
t-153-98,consideracion-64,revisao-atividade.html,background,"Primária de aula-07.html levada como background: Fundamentos jurídicos, § 64, reconhece a contribuição de guardas e presos e retoma mesas de trabalho e comitês de direitos humanos; mostra participação na resposta estrutural."
t-153-98,consideracion-65,revisao-atividade.html,background,"Primária de aula-07.html levada como background: Fundamentos jurídicos, § 65, declara o ECI diante de omissões graves de várias autoridades e anuncia ordens para remediá-lo; é a conclusão judicial central do eixo."
t-153-98,decision,revisao-atividade.html,background,"Primária de aula-07.html levada como background: Parte dispositiva, pontos 1–11, mostra as ordens concretas a múltiplos órgãos, o plano penitenciário, os prazos e a supervisão; completa a análise do alcance da intervenção."
t-153-98,problema-juridico,revisao-atividade.html,background,"Primária de aula-07.html levada como background: Fundamentos jurídicos, § 2, formula se as condições das prisões violam direitos fundamentais e se a tutela individual pode remediá-las; abre diretamente a passagem do caso individual ao eixo estrutural."
