source_id,role,path,sha256,format,text_status,lesson_id
slides-01,slides,/Users/benecles/Desktop/UFRGS 2026-2/Controle de Constitucionalidade/01 Slides/01 - Controle de Constitucionalidade (conceito).pdf,6a5d45177523c9afe23183630cff8375c2321d0252ad143f76e0050b88cae98d,pdf,text layer,aula-01.html
slides-02,slides,/Users/benecles/Desktop/UFRGS 2026-2/Controle de Constitucionalidade/01 Slides/02 - Controle de Constitucionalidade (Pressupostos).pdf,4aff3648b2ebeaf90e8c941392a94d29feb75819fb5ec2b92ff10cac427b3715,pdf,text layer,aula-02.html
slides-03,slides,/Users/benecles/Desktop/UFRGS 2026-2/Controle de Constitucionalidade/01 Slides/03 - Natureza do Tribunal Constitucional.pdf,fd9059df58d165fce183c77740e18f19f72d58609661ff74bf28468cf54d1973,pdf,text layer,aula-03.html
slides-04,slides,/Users/benecles/Desktop/UFRGS 2026-2/Controle de Constitucionalidade/01 Slides/04 - Bloco de constitucionalidade.pdf,3e886e974417b2272a71c4684b46888f988d798657362f7f1c6cde4a3f9ac556,pdf,text layer,aula-04.html
slides-05,slides,/Users/benecles/Desktop/UFRGS 2026-2/Controle de Constitucionalidade/01 Slides/05 - Tratados internacionais (hierarquia).pdf,5c0532e454de05b6be2f42a6dd64f20bffdfc1c33b2f4c1fe44164a3a0f03785,pdf,text layer,aula-05.html
slides-06,slides,/Users/benecles/Desktop/UFRGS 2026-2/Controle de Constitucionalidade/01 Slides/06 - Controle de Constitucionalidade (Natureza do vício de inconstitucionalidade).pdf,9ab97547e394510c26329eafc23e8952630bfbccb06b1594e3000afd592d345b,pdf,text layer,aula-06.html
slides-07,slides,/Users/benecles/Desktop/UFRGS 2026-2/Controle de Constitucionalidade/01 Slides/07 - Recepção e não recepção.pdf,ce72d6ac300ee90005fac987d9607b9775b48c50d6bc8ee56a674d3feec5b266,pdf,text layer,aula-07.html
slides-08,slides,/Users/benecles/Desktop/UFRGS 2026-2/Controle de Constitucionalidade/01 Slides/08 - Teorias do controle (nulidade e nulificabilidade).pdf,c34eeaa6ff0e7e4cbbec48e8efb15076561c04aed431b4bb6d187a2d945f6130,pdf,text layer,aula-08.html
slides-09,slides,/Users/benecles/Desktop/UFRGS 2026-2/Controle de Constitucionalidade/01 Slides/09 - Momentos do Controle de Constitucionalidade (Controle preventivo).pdf,feadb922a337d4d7be8fe60767959113309afa85b4ec48be818a471f373b16de,pdf,text layer,aula-09.html
slides-10,slides,/Users/benecles/Desktop/UFRGS 2026-2/Controle de Constitucionalidade/01 Slides/10 - Momentos do Controle de Constitucionalidade (Controle repressivo).pdf,348ec46d601509065958032f770a9a46967defef79b4c659be38d451f136f351,pdf,text layer,aula-10.html
slides-11,slides,"/Users/benecles/Desktop/UFRGS 2026-2/Controle de Constitucionalidade/01 Slides/11 - Sistemas, efeitos e técnicas de controle.pdf",10f07c7f362bb83536efb1bc517564d5159d460d5d3bc3d43fe9e70550a6901b,pdf,text layer,aula-11.html
slides-12,slides,/Users/benecles/Desktop/UFRGS 2026-2/Controle de Constitucionalidade/01 Slides/12 - Crítica cumulação sistemas.pdf,42c1607febe39c33fc2f03338cf72b70533141c93f9542074bdd8ff2eb15f29e,pdf,text layer,aula-12.html
slides-13,slides,/Users/benecles/Desktop/UFRGS 2026-2/Controle de Constitucionalidade/01 Slides/13 - Estado de coisas inconstitucional.pdf,3b7df2af9f888e7dc5a1bbec69dbdaf309590fecdc8135f35406fc8f5934b634,pdf,text layer,aula-13.html
slides-14,slides,/Users/benecles/Desktop/UFRGS 2026-2/Controle de Constitucionalidade/01 Slides/14 - Inconstitucionalidade por arrastamento.pdf,9dcd8fbe20c8707a60ad2287eecbcda2c310250b3bc501046f0ca0edd595ee5c,pdf,text layer,aula-14.html
slides-15,slides,/Users/benecles/Desktop/UFRGS 2026-2/Controle de Constitucionalidade/01 Slides/15 - Interpretação conforme.pdf,0490575d01a222e019397b7e6777862febe57dd35445a0c4a180f40987cdc1ea,pdf,text layer,aula-15.html
slides-16,slides,/Users/benecles/Desktop/UFRGS 2026-2/Controle de Constitucionalidade/01 Slides/16 - Inconstitucionalidade progressiva e circunstancial.pdf,c1cc8b87162cc7dc6ff2428ce2ce3db86b6a8c50f9ff278e3836d850108e7d3a,pdf,text layer,aula-16.html
slides-17,slides,/Users/benecles/Desktop/UFRGS 2026-2/Controle de Constitucionalidade/01 Slides/17 - Inconstitucionalidade por ato interposto.pdf,08f84f25409977dd829c7fc02c076dd0722de98b0fc064d70ceb30ef7baa0a8b,pdf,text layer,aula-17.html
slides-18,slides,/Users/benecles/Desktop/UFRGS 2026-2/Controle de Constitucionalidade/01 Slides/18 - Mutação constitucional e efeito backlash.pdf,09030f29b37d7efed0acc18b779a49da536f0b2e1729fecfef74e526e047d115,pdf,text layer,aula-18.html
slides-19,slides,/Users/benecles/Desktop/UFRGS 2026-2/Controle de Constitucionalidade/01 Slides/19 - Presunção de constitucionalidade e reação legislativa.pdf,1c6b5a5b0132deaad0206565be8cd5b8382e3b56a10799fde3ec6e4cd875fcf4,pdf,text layer,aula-19.html
slides-20,slides,/Users/benecles/Desktop/UFRGS 2026-2/Controle de Constitucionalidade/01 Slides/20 - ADI I (cabimento).pdf,c64e94b92a5c5b2981656044edd7fcab56bda215df26a3424b0d29853c8cf136,pdf,text layer,aula-20.html
slides-21,slides,/Users/benecles/Desktop/UFRGS 2026-2/Controle de Constitucionalidade/01 Slides/21 - ADI I (requisitos ajuizamento).pdf,e9a66d506883cd98afd389b8a3df513ad0fb4707232ed8e659498ca46d522fd8,pdf,text layer,aula-21.html
slides-22,slides,/Users/benecles/Desktop/UFRGS 2026-2/Controle de Constitucionalidade/01 Slides/22 - ADI (legitimidade ativa).pdf,c0f47e7f5bfb9c3255e70c567bcdc4f3053f352c33737c4c2e1ab52a02bef2c4,pdf,text layer,aula-22.html
slides-23,slides,/Users/benecles/Desktop/UFRGS 2026-2/Controle de Constitucionalidade/01 Slides/23 - ADI (pertinência temática).pdf,54e85bfaabc4fb33632c70d8fbb574f9ce20ecc68a70e7f25f317a973cd8a1f8,pdf,text layer,aula-23.html
slides-24,slides,/Users/benecles/Desktop/UFRGS 2026-2/Controle de Constitucionalidade/01 Slides/24 - ADI (Processamento e instrução).pdf,c727d43d1d11ec6cd1c08c4b9b893dc7e246149a07a82ffa76a89ec3b09b52ec,pdf,text layer,aula-24.html
slides-25,slides,/Users/benecles/Desktop/UFRGS 2026-2/Controle de Constitucionalidade/01 Slides/25 - ADI (Medida Cautelar).pdf,183b140f145d57ed4697846142636dbdb711caafbf10c033d41555f7f74d60c2,pdf,text layer,aula-25.html
slides-26,slides,/Users/benecles/Desktop/UFRGS 2026-2/Controle de Constitucionalidade/01 Slides/26 - ADI VI (Efeito repristinatório Medida Cautelar).pdf,6fecef5cd517b6dd11e0f0e23f4d324e44c873a751e58682b8b601dfda1bf95d,pdf,text layer,aula-26.html
slides-27,slides,/Users/benecles/Desktop/UFRGS 2026-2/Controle de Constitucionalidade/01 Slides/27 - ADI (Plenário Virtual).pdf,66cb1ad6367d9f017b9a4dec88a771222bd39823532e4e1830afb788e64ae87f,pdf,text layer,aula-27.html
slides-28,slides,/Users/benecles/Desktop/UFRGS 2026-2/Controle de Constitucionalidade/01 Slides/28 - ADI (Modulação dos efeitos).pdf,4f2542e6d68a8f33a7ada61d819099ad12026d48e91ba06d7cc7d5cdebed6c24,pdf,text layer,aula-28.html
slides-29,slides,/Users/benecles/Desktop/UFRGS 2026-2/Controle de Constitucionalidade/01 Slides/29 - ADI  (Eficácia contra todos e efeito vinculante).pdf,d177bf8061eedd8fa31cbe1fde3261ffe2c9c6e504f7f5218f98783d95b5ac61,pdf,text layer,aula-29.html
slides-30,slides,/Users/benecles/Desktop/UFRGS 2026-2/Controle de Constitucionalidade/01 Slides/30 - ADC.pdf,d1c47a5c61ff11c4520b1947d2cde9539581bb66ae82cc8e9b9af4899c495be7,pdf,text layer,aula-30.html
slides-archive-adi-processamento-e-instrucao-versao-14-09-33-pp,slides_archive,/Users/benecles/Desktop/UFRGS 2026-2/Controle de Constitucionalidade/01 Slides/Versões anteriores/ADI (Processamento e instrução) - versão 14-09 (33 pp).pdf,9c9def3a84ec59eaba613679488a2946dc6d59fe860feab259748889b844f32f,pdf,text layer,aula-24.html
slides-archive-adi-pertinencia-tematica-versao-14-09-41-pp,slides_archive,/Users/benecles/Desktop/UFRGS 2026-2/Controle de Constitucionalidade/01 Slides/Versões anteriores/ADI (pertinência temática) - versão 14-09 (41 pp).pdf,b7b73da6208cc0200a4129b109f93357710a293639f86f159e540840c10d573b,pdf,text layer,aula-23.html
slides-archive-critica-cumulacao-sistemas-versao-26-08-30-pp,slides_archive,/Users/benecles/Desktop/UFRGS 2026-2/Controle de Constitucionalidade/01 Slides/Versões anteriores/Crítica cumulação sistemas - versão 26-08 (30 pp).pdf,8f8f6965e4b233034cb0f2334551671f43a803e9274e7855ad7eb278870badc9,pdf,text layer,aula-12.html
slides-31,slides,,,pdf,missing,aula-31.html
slides-32,slides,,,pdf,missing,aula-32.html
slides-33,slides,,,pdf,missing,aula-33.html
slides-34,slides,,,pdf,missing,aula-34.html
slides-35,slides,,,pdf,missing,aula-35.html
slides-36,slides,,,pdf,missing,aula-36.html
syllabus-dir03027-2026-2,syllabus,/Users/benecles/Desktop/UFRGS 2026-2/Controle de Constitucionalidade/00 Plano de Ensino - DIR03027 (2026-2).pdf,472998b4794ba1349ce0454cc57f2f57f5e397cf335dd844d8a50453b31fb4da,pdf,text layer,
moodle-2026-08-23-scrape-dir03027-controls-bloco-de-constitucionalidade-pdf,moodle_material,/Users/benecles/Desktop/UFRGS 2026-2/Controle de Constitucionalidade/Moodle/2026-08-23 scrape/dir03027-controls/Bloco de constitucionalidade.pdf,3e886e974417b2272a71c4684b46888f988d798657362f7f1c6cde4a3f9ac556,pdf,text layer,
moodle-2026-08-23-scrape-dir03027-controls-controle-de-constitucionalidade-natureza-do-vicio-de-inconstitucionalidade-pdf,moodle_material,/Users/benecles/Desktop/UFRGS 2026-2/Controle de Constitucionalidade/Moodle/2026-08-23 scrape/dir03027-controls/Controle de Constitucionalidade (Natureza do vício de inconstitucionalidade).pdf,9ab97547e394510c26329eafc23e8952630bfbccb06b1594e3000afd592d345b,pdf,text layer,
moodle-2026-08-23-scrape-dir03027-controls-controle-de-constitucionalidade-pressupostos-pdf,moodle_material,/Users/benecles/Desktop/UFRGS 2026-2/Controle de Constitucionalidade/Moodle/2026-08-23 scrape/dir03027-controls/Controle de Constitucionalidade (Pressupostos).pdf,4aff3648b2ebeaf90e8c941392a94d29feb75819fb5ec2b92ff10cac427b3715,pdf,text layer,
moodle-2026-08-23-scrape-dir03027-controls-controle-de-constitucionalidade-conceito-pdf,moodle_material,/Users/benecles/Desktop/UFRGS 2026-2/Controle de Constitucionalidade/Moodle/2026-08-23 scrape/dir03027-controls/Controle de Constitucionalidade (conceito).pdf,6a5d45177523c9afe23183630cff8375c2321d0252ad143f76e0050b88cae98d,pdf,text layer,
moodle-2026-08-23-scrape-dir03027-controls-controles-de-constitucionalidade-dir-03027-pdf,moodle_material,/Users/benecles/Desktop/UFRGS 2026-2/Controle de Constitucionalidade/Moodle/2026-08-23 scrape/dir03027-controls/Controles de constitucionalidade (DIR 03027).pdf,472998b4794ba1349ce0454cc57f2f57f5e397cf335dd844d8a50453b31fb4da,pdf,text layer,
moodle-2026-08-23-scrape-dir03027-controls-critica-cumulacao-sistemas-pdf,moodle_material,/Users/benecles/Desktop/UFRGS 2026-2/Controle de Constitucionalidade/Moodle/2026-08-23 scrape/dir03027-controls/Crítica cumulação sistemas.pdf,8f8f6965e4b233034cb0f2334551671f43a803e9274e7855ad7eb278870badc9,pdf,text layer,
moodle-2026-08-23-scrape-dir03027-controls-momentos-do-controle-de-constitucionalidade-controle-preventivo-pdf,moodle_material,/Users/benecles/Desktop/UFRGS 2026-2/Controle de Constitucionalidade/Moodle/2026-08-23 scrape/dir03027-controls/Momentos do Controle de Constitucionalidade (Controle preventivo).pdf,feadb922a337d4d7be8fe60767959113309afa85b4ec48be818a471f373b16de,pdf,text layer,
moodle-2026-08-23-scrape-dir03027-controls-momentos-do-controle-de-constitucionalidade-controle-repressivo-pdf,moodle_material,/Users/benecles/Desktop/UFRGS 2026-2/Controle de Constitucionalidade/Moodle/2026-08-23 scrape/dir03027-controls/Momentos do Controle de Constitucionalidade (Controle repressivo).pdf,348ec46d601509065958032f770a9a46967defef79b4c659be38d451f136f351,pdf,text layer,
moodle-2026-08-23-scrape-dir03027-controls-natureza-do-tribunal-constitucional-pdf,moodle_material,/Users/benecles/Desktop/UFRGS 2026-2/Controle de Constitucionalidade/Moodle/2026-08-23 scrape/dir03027-controls/Natureza do Tribunal Constitucional.pdf,fd9059df58d165fce183c77740e18f19f72d58609661ff74bf28468cf54d1973,pdf,text layer,
moodle-2026-08-23-scrape-dir03027-controls-recepcao-e-nao-recepcao-pdf,moodle_material,/Users/benecles/Desktop/UFRGS 2026-2/Controle de Constitucionalidade/Moodle/2026-08-23 scrape/dir03027-controls/Recepção e não recepção.pdf,ce72d6ac300ee90005fac987d9607b9775b48c50d6bc8ee56a674d3feec5b266,pdf,text layer,
moodle-2026-08-23-scrape-dir03027-controls-sistemas-efeitos-e-tecnicas-de-controle-pdf,moodle_material,"/Users/benecles/Desktop/UFRGS 2026-2/Controle de Constitucionalidade/Moodle/2026-08-23 scrape/dir03027-controls/Sistemas, efeitos e técnicas de controle.pdf",10f07c7f362bb83536efb1bc517564d5159d460d5d3bc3d43fe9e70550a6901b,pdf,text layer,
moodle-2026-08-23-scrape-dir03027-controls-teorias-do-controle-nulidade-e-nulificabilidade-pdf,moodle_material,/Users/benecles/Desktop/UFRGS 2026-2/Controle de Constitucionalidade/Moodle/2026-08-23 scrape/dir03027-controls/Teorias do controle (nulidade e nulificabilidade).pdf,c34eeaa6ff0e7e4cbbec48e8efb15076561c04aed431b4bb6d187a2d945f6130,pdf,text layer,
moodle-2026-08-23-scrape-dir03027-controls-tratados-internacionais-hierarquia-pdf,moodle_material,/Users/benecles/Desktop/UFRGS 2026-2/Controle de Constitucionalidade/Moodle/2026-08-23 scrape/dir03027-controls/Tratados internacionais (hierarquia).pdf,5c0532e454de05b6be2f42a6dd64f20bffdfc1c33b2f4c1fe44164a3a0f03785,pdf,text layer,
moodle-curso-dir03027-controles-de-constitucionalidade-turma-u-2026-2-moodle-ufrgs-webarchive,moodle_material,/Users/benecles/Desktop/UFRGS 2026-2/Controle de Constitucionalidade/Moodle/Curso: DIR03027 - Controles De Constitucionalidade - Turma U (2026:2) | Moodle - UFRGS.webarchive,1e855e69d9d7711d4a8f89b050f31252545e05eda3318737c15b85a59d4469bf,webarchive,text layer,
moodle-legacy-scrape-date-unknown-dir03027-controles-de-constitucionalidade-00-plano-de-ensino-pdf,moodle_material,/Users/benecles/Desktop/UFRGS 2026-2/Controle de Constitucionalidade/Moodle/legacy scrape (date unknown)/DIR03027 - Controles de Constitucionalidade/00 - Plano de Ensino.pdf,d395ef6b662f078aa883f5f53b21621270d154ebac999733c38446d1c704955c,pdf,text layer,
moodle-legacy-scrape-date-unknown-dir03027-controles-de-constitucionalidade-01-conceito-pdf,moodle_material,/Users/benecles/Desktop/UFRGS 2026-2/Controle de Constitucionalidade/Moodle/legacy scrape (date unknown)/DIR03027 - Controles de Constitucionalidade/01 - Conceito.pdf,6a5d45177523c9afe23183630cff8375c2321d0252ad143f76e0050b88cae98d,pdf,text layer,
moodle-legacy-scrape-date-unknown-dir03027-controles-de-constitucionalidade-02-pressupostos-pdf,moodle_material,/Users/benecles/Desktop/UFRGS 2026-2/Controle de Constitucionalidade/Moodle/legacy scrape (date unknown)/DIR03027 - Controles de Constitucionalidade/02 - Pressupostos.pdf,4aff3648b2ebeaf90e8c941392a94d29feb75819fb5ec2b92ff10cac427b3715,pdf,text layer,
moodle-legacy-scrape-date-unknown-dir03027-controles-de-constitucionalidade-03-tribunal-constitucional-pdf,moodle_material,/Users/benecles/Desktop/UFRGS 2026-2/Controle de Constitucionalidade/Moodle/legacy scrape (date unknown)/DIR03027 - Controles de Constitucionalidade/03 - Tribunal Constitucional.pdf,fd9059df58d165fce183c77740e18f19f72d58609661ff74bf28468cf54d1973,pdf,text layer,
moodle-legacy-scrape-date-unknown-dir03027-controles-de-constitucionalidade-04-natureza-do-vicio-pdf,moodle_material,/Users/benecles/Desktop/UFRGS 2026-2/Controle de Constitucionalidade/Moodle/legacy scrape (date unknown)/DIR03027 - Controles de Constitucionalidade/04 - Natureza do vicio.pdf,9ab97547e394510c26329eafc23e8952630bfbccb06b1594e3000afd592d345b,pdf,text layer,
moodle-legacy-scrape-date-unknown-dir03027-controles-de-constitucionalidade-05-preventivo-pdf,moodle_material,/Users/benecles/Desktop/UFRGS 2026-2/Controle de Constitucionalidade/Moodle/legacy scrape (date unknown)/DIR03027 - Controles de Constitucionalidade/05 - Preventivo.pdf,feadb922a337d4d7be8fe60767959113309afa85b4ec48be818a471f373b16de,pdf,text layer,
moodle-legacy-scrape-date-unknown-dir03027-controles-de-constitucionalidade-06-repressivo-pdf,moodle_material,/Users/benecles/Desktop/UFRGS 2026-2/Controle de Constitucionalidade/Moodle/legacy scrape (date unknown)/DIR03027 - Controles de Constitucionalidade/06 - Repressivo.pdf,b63b7d9f437179a06eaa619c9cec2e024a98dbc4f3598f2972eea08fd31438ab,pdf,text layer,
moodle-legacy-scrape-date-unknown-dir03027-controles-de-constitucionalidade-07-recepcao-e-nao-recepcao-pdf,moodle_material,/Users/benecles/Desktop/UFRGS 2026-2/Controle de Constitucionalidade/Moodle/legacy scrape (date unknown)/DIR03027 - Controles de Constitucionalidade/07 - Recepcao e nao recepcao.pdf,ce72d6ac300ee90005fac987d9607b9775b48c50d6bc8ee56a674d3feec5b266,pdf,text layer,
moodle-legacy-scrape-date-unknown-dir03027-controles-de-constitucionalidade-08-tratados-internacionais-pdf,moodle_material,/Users/benecles/Desktop/UFRGS 2026-2/Controle de Constitucionalidade/Moodle/legacy scrape (date unknown)/DIR03027 - Controles de Constitucionalidade/08 - Tratados internacionais.pdf,bedb01a82cc8b1fcc3d771a3c609f857e5eafc843905e3afe92dd33aed46ad03,pdf,text layer,
moodle-legacy-scrape-date-unknown-dir03027-controles-de-constitucionalidade-09-sistemas-de-controle-pdf,moodle_material,/Users/benecles/Desktop/UFRGS 2026-2/Controle de Constitucionalidade/Moodle/legacy scrape (date unknown)/DIR03027 - Controles de Constitucionalidade/09 - Sistemas de controle.pdf,10f07c7f362bb83536efb1bc517564d5159d460d5d3bc3d43fe9e70550a6901b,pdf,text layer,
moodle-legacy-scrape-date-unknown-dir03027-controles-de-constitucionalidade-10-critica-a-cumulacao-de-sistemas-pdf,moodle_material,/Users/benecles/Desktop/UFRGS 2026-2/Controle de Constitucionalidade/Moodle/legacy scrape (date unknown)/DIR03027 - Controles de Constitucionalidade/10 - Critica a cumulacao de sistemas.pdf,8f8f6965e4b233034cb0f2334551671f43a803e9274e7855ad7eb278870badc9,pdf,text layer,
moodle-legacy-scrape-date-unknown-dir03027-controles-de-constitucionalidade-11-nulidade-e-anulabilidade-pdf,moodle_material,/Users/benecles/Desktop/UFRGS 2026-2/Controle de Constitucionalidade/Moodle/legacy scrape (date unknown)/DIR03027 - Controles de Constitucionalidade/11 - Nulidade e anulabilidade.pdf,c34eeaa6ff0e7e4cbbec48e8efb15076561c04aed431b4bb6d187a2d945f6130,pdf,text layer,
moodle-course-2026-09-20-scrape-momentos-do-controle-de-constitucionalidade-controle-repressivo-txt,moodle_material,/Users/benecles/Desktop/UFRGS 2026-2/Controle de Constitucionalidade/03 Moodle/2026-09-20 scrape/Momentos do Controle de Constitucionalidade (Controle repressivo).txt,bff78527ca70ac9001e09f216ca2fff798179862cb907c29d4dc35aef903bbc3,txt,text layer,
moodle-course-2026-09-30-scrape-exercicios-sobre-adi-e-adc-topico-adc-txt,moodle_material,/Users/benecles/Desktop/UFRGS 2026-2/Controle de Constitucionalidade/03 Moodle/2026-09-30 scrape/Exercícios sobre ADI e ADC (tópico ADC).txt,5803e3c2f9b5e1ced67f332d50bc9bce01f2b002ac9382f1044e230afb03f640,txt,text layer,
moodle-course-pagina-do-moodle-dir03027-turma-u-2026-2-webarchive,moodle_material,/Users/benecles/Desktop/UFRGS 2026-2/Controle de Constitucionalidade/03 Moodle/Página do Moodle - DIR03027 Turma U (2026-2).webarchive,c9c40ed624ef4ccaeff66202e44659c842e6e3e79d8b7047f39c9a300cd2f8ec,webarchive,text layer,
tavares-curso-2020,book_base,/Users/benecles/Desktop/UFRGS 2026-2/Controle de Constitucionalidade/02 Livros/André Ramos Tavares - Curso de Direito Constitucional (2020).pdf,a601f7ba213a1d7883017f78ac0dda0bccb68b0914fa774dc07c6f808baba940,pdf,text layer,
gilmar-aspectos-juridicos-politicos,book_supplementary,/Users/benecles/Desktop/UFRGS 2026-2/Controle de Constitucionalidade/02 Livros/Controle De Constitucionalidade Aspectos jurídicos e políticos (Gilmar Mendes).pdf,0e5f528aa150f05637c22d68e38f19c18a926dc28bd3d2d2802ac3f79c2e720d,pdf,OCR done,
dimoulis-lunardi-processo-constitucional,book_base,"/Users/benecles/Desktop/UFRGS 2026-2/Controle de Constitucionalidade/02 Livros/Dimitri Dimoulis, Soraya Lunardi - Curso de processo constitucional_ controle de constitucionalidade e remédios constitucionais.pdf",592fdc72dd9e47a9689449cbcf7e3b612f431877cb67dd33d6f42b9c44c82bf4,pdf,needs OCR,
mendes-branco-curso-2023,book_base,/Users/benecles/Desktop/UFRGS 2026-2/Controle de Constitucionalidade/02 Livros/Gilmar Ferreira Mendes e Paulo Gustavo Gonet Branco - Curso de Direito Constitucional (2023).pdf,cd888117a3286777d6e10ee0ebd83ccf2fbf3177c001672039614b4f757174a9,pdf,text layer,
sarlet-marinoni-mitidiero-curso-2020,book_base,"/Users/benecles/Desktop/UFRGS 2026-2/Controle de Constitucionalidade/02 Livros/Ingo Wolfgang Sarlet, Daniel Mitidiero e Luiz Guilherme Marinoni - Curso de Direito Constitucional (2020).pdf",27ae8beacb2e34fefcf368201455a6a364d61ceb1c3c23e2d623af298406e0ec,pdf,text layer,
jose-afonso-curso-2016,book_base,"/Users/benecles/Desktop/UFRGS 2026-2/Controle de Constitucionalidade/02 Livros/José Afonso da Silva - Curso de Direito Constitucional Positivo (2016, Malheiros).pdf",c8a079e80070581d8fa304b83407664efc2ff4bfaf6191ac76040563f0b38a1c,pdf,text layer,
lenza-esquematizado-2022,book_base,"/Users/benecles/Desktop/UFRGS 2026-2/Controle de Constitucionalidade/02 Livros/Lenza, Pedro - Direito Constitucional - Esquematizado (2022, Saraiva Jur).azw3",1eb142b9cf940b694d104c58a26ec29c623a77d180926607459132585a70da58,azw3,text layer,
barroso-controle-2012,book_base,"/Users/benecles/Desktop/UFRGS 2026-2/Controle de Constitucionalidade/02 Livros/Luis Roberto Barroso - Controle De Constitucionalidade No Direito Brasileiro (2012, Saraiva).pdf",03b7fc5c186c61e5d19e06dedbf8188010656f58ec576c030b4d940d2c04bac5,pdf,text layer,
bonavides-curso-2011,book_base,"/Users/benecles/Desktop/UFRGS 2026-2/Controle de Constitucionalidade/02 Livros/Paulo Bonavides - Curso de Direito Constitucional (2011, Malheiros).pdf",3f5f553869ce2c64ce9f7a64e903f5b0527a057f1780f9d69267ed9a2666d102,pdf,text layer,
article-4-estado-de-coisas-inconstitucional-e-interpretacao-conforme-a-constituicao,article,/Users/benecles/Desktop/UFRGS 2026-2/Controle de Constitucionalidade/Artigos/4. Estado de coisas inconstitucional e interpretação conforme a Constituição.pdf,9159e4d192a76bb19ab0a6d819ffc4c54695ccbb6211264623d5c3da33e95b92,pdf,text layer,
article-5-tecnicas-de-decisao,article,/Users/benecles/Desktop/UFRGS 2026-2/Controle de Constitucionalidade/Artigos/5. Técnicas de decisão.pdf,058de3f4961e5b9f827c2800eb5b865d7376194f9772f70051cd697444de49f8,pdf,text layer,
article-const-iii-controle-de-constitucionalidade,article,/Users/benecles/Desktop/UFRGS 2026-2/Controle de Constitucionalidade/Artigos/CONST III - controle de constitucionalidade.pdf,457b4ef79bef4673005dfdce394d654d2bd57fe1b6bbbb647d8d6840d263fd58,pdf,text layer,
article-controle-abstrato-de-normas-cabimento-da-adi,article,/Users/benecles/Desktop/UFRGS 2026-2/Controle de Constitucionalidade/Artigos/Controle abstrato de normas — cabimento da ADI.pdf,79637cc47b98dbbb7dfef803fc34a9c9fb7ee64543d47c9a22d0d30002ac7a2a,pdf,text layer,
supp-dias-decretos-presidenciais-2026,book_supplementary,,,bibliography,missing,
supp-duque-eficacia-horizontal-2019,book_supplementary,,,bibliography,missing,
supp-dirley-controle-brasil-comparado-2026,book_supplementary,,,bibliography,missing,
supp-mendes-rodrigues-alvim-novo-perfil-difuso-2025,book_supplementary,,,bibliography,missing,
supp-andre-will-controle-processo-legislativo-2025,book_supplementary,,,bibliography,missing,
constituicao-federal-1988,statute,/Users/benecles/Developer/ordenacoes-filipinas-workshop/work/source-intake-2026-09-28/constitucional/statute/official-source-snapshot.txt,a7e203922b2ed9eb3c70a3291c90b23138715377655229e7dd4012476b5b1d81,txt,text layer,
lei-9868-1999,statute,https://www.planalto.gov.br/ccivil_03/leis/l9868.htm,853b4d07af3ebc69bf09658107103a8b057717c145dd0b05274d988ca6b5c6dd,txt,text layer,
lei-9882-1999,statute,https://www.planalto.gov.br/ccivil_03/leis/l9882.htm,38dd8be05d2cdd581b812cacda8623d9cf2ad66544d864e486e4fb7e40b2ee03,txt,text layer,
lei-11417-2006,statute,https://www.planalto.gov.br/ccivil_03/_ato2004-2006/2006/lei/l11417.htm,2941a3bc69e6d4e86753d5be87b160922c3765e7e23b3a42f4d132e2347868fd,txt,text layer,
past-exams-course-unavailable,past_exam,,,unknown,missing,
base-lenza-esquematizado-2025,book_base,,,bibliography,missing,
base-mendes-branco-curso-2026,book_base,,,bibliography,missing,
base-barroso-controle-2026,book_base,,,bibliography,missing,
base-bonavides-curso-2013,book_base,,,bibliography,missing,
base-dimoulis-lunardi-curso-2025,book_base,,,bibliography,missing,
base-sarlet-marinoni-mitidiero-curso-2025,book_base,,,bibliography,missing,
base-jose-afonso-curso-2022,book_base,,,bibliography,missing,
base-tavares-curso-2026,book_base,,,bibliography,missing,
