source_id,role,path,sha256,format,text_status,notes,lesson_ids
engelmann-bandeira-2017,article,/Users/benecles/Documents/UFRGS 2026-2/Direito Latino Americano/0011-5258-dados-60-4-0903 Engelmann.pdf,ea5b4c06c7b702e6c558006ce857b48776e6bf2716adbb00c3c2a8dd9118b1c8,pdf,text layer,reuse prep extraction: text/0011-5258-dados-60-4-0903 Engelmann.txt,
adpf347-eci-article,article,/Users/benecles/Documents/UFRGS 2026-2/Direito Latino Americano/A ADPF 347 e o “Estado de Coisas Inconstitucional”. Ativismo dialógico e democratização do controle de constitucionalidade no Brasil.pdf,204664df0dc55d3cc9796174bba2a5315be41a83190780e7b933feb7cc2d5fb5,pdf,text layer,no matching extracted prep copy identified; raw PDF retained,
adpf153,decision,/Users/benecles/Documents/UFRGS 2026-2/Direito Latino Americano/ADPF 153.pdf,268782fdfe780329ad8e1b7b8e9b81b46b637bb5eb563dca75f55130195dcaa0,pdf,OCR done,reuse prep extraction and selected local Tesseract OCR at text/ADPF 153.txt and text/ocr/adpf153-run-20250925/ (selected ranges only),
adpf347-merits-2023,decision,/Users/benecles/Documents/UFRGS 2026-2/Direito Latino Americano/ADPF 347.pdf,3968b1597f39870ab0028eaf3d52b8bb83472b496f96004aff8090d64174b287,pdf,text layer,reuse prep extraction: text/ADPF 347.txt,
act-legislativo-01-2017,statute,/Users/benecles/Documents/UFRGS 2026-2/Direito Latino Americano/Acto_Legislativo_01_de_2017_Congreso_de_la_República.pdf,dff3efa3ff711dc192ef0ca1848f1fa3aeacde2641a079fefaf1ec72ad288e59,pdf,text layer,reuse prep extraction: text/Acto_Legislativo_01_de_2017_Congreso_de_la_República.txt,
act-legislativo-01-2012,statute,/Users/benecles/Documents/UFRGS 2026-2/Direito Latino Americano/Acto_Legislativo_1_de_2012_Congreso_de_la_República.pdf,90dceef4319413d6550223c6fa0622f74c05e65f800bd55404be0f9ec9d6b1f0,pdf,text layer,reuse prep extraction: text/Acto_Legislativo_1_de_2012_Congreso_de_la_República.txt,
slides-aula-01,slides,/Users/benecles/Documents/UFRGS 2026-2/Direito Latino Americano/Aula 1 - história constitucional na AL.pdf,f5c7dc2f135a51352cd928dbe9b0e75888b4a50906f2d1679b5ca846221c0324,pdf,text layer,reuse prep extraction: text/Aula 1 - história constitucional na AL.txt,aula-01.html
slides-aula-07-eci,slides,/Users/benecles/Documents/UFRGS 2026-2/Direito Latino Americano/Aula Estado de Coisa Inconstitucional.pptx,c5d93d994c209803e116c2f13f83bce435396c7d733fb3d8044b5aa990aeac99,pptx,text layer,reuse rendered/extracted prep: text/Aula Estado de Coisa Inconstitucional.txt; tmp/slides/Aula Estado de Coisa Inconstitucional.pdf,aula-07.html
c-579-13,decision,/Users/benecles/Documents/UFRGS 2026-2/Direito Latino Americano/C-579-13.pdf,0839314aafc8e7cd43b577899d8eeab3f7a078f9a35ea38fb80cb1e8f6342ae2,pdf,text layer,reuse prep extraction: text/C-579-13.txt,
c-674-17,decision,/Users/benecles/Documents/UFRGS 2026-2/Direito Latino Americano/C-674-17.pdf,13c654683f487215fcb2f4e5b7c224e670cf382ef8255bad4a22a3662ee7bf71,pdf,text layer,reuse prep extraction: text/C-674-17.txt,
c-694-15,decision,/Users/benecles/Documents/UFRGS 2026-2/Direito Latino Americano/C-694-15.pdf,a769e8768bc6f91ddfaeaa35e4fc3721a9477dca21f80ff06058ebc381cee5c5,pdf,text layer,reuse prep extraction: text/C-694-15.txt,
gelman-v-uruguay-2011,decision,/Users/benecles/Documents/UFRGS 2026-2/Direito Latino Americano/Caso Gelman x Uruguay CIDH.pdf,d8ab49cb8d565679fc7cc4506bd495fbbbc1637f183026edd3c8005b67f73426,pdf,text layer,reuse prep extraction: text/Caso Gelman x Uruguay CIDH.txt,
corte-constitucional-colombiana,slides,/Users/benecles/Documents/UFRGS 2026-2/Direito Latino Americano/Corte Constitucional Colombiana.pdf,ece3c9229282fc883b96bd739db55532a267018a677edcc3807a3210fc2632c5,pdf,text layer,reuse prep extraction: text/Corte Constitucional Colombiana.txt,aula-04.html
cortes-constitucionales-latam,slides,/Users/benecles/Documents/UFRGS 2026-2/Direito Latino Americano/Cortes Constitucionais na América Latina.pdf,51454ceddae3219905ef8516227e21f5fc141aeb897aec94c83d7104c1ddbe91,pdf,text layer,reuse prep extraction: text/Cortes Constitucionais na América Latina.txt,aula-02.html
moodle-course-archive-2026-09,Moodle course snapshot,/Users/benecles/Documents/UFRGS 2026-2/Direito Latino Americano/Curso: DIR03057 - Direito Latino-americano - Turma U (2026:2) | Moodle - UFRGS.webarchive,a29983e67123a39b9372687a7a43dfe965083c22a1ede355350d4b1e17680952,webarchive,text layer,,
dossier-atividade-05-10,course dossier,/Users/benecles/Documents/UFRGS 2026-2/Direito Latino Americano/Direito Latino-americano - Dossie atividade 05-10 para IA.pdf,944798b49eba04e0cd5daa2188c20680c417dfb15b81ca72c11000b1bf2cd436,pdf,text layer,"Part 0 case map, Part 1 program, Part 3 10/08 transcript",
lei-6683-1979,statute,/Users/benecles/Documents/UFRGS 2026-2/Direito Latino Americano/L6683.webarchive,ce129b8c32ae1247cab84d415fb769e506c8e7fcb6ee31fa76a1174b6b9f0e5c,webarchive,text layer,reuse prep extraction: text/Lei 6683-1979 (Lei de Anistia).txt,
justica-transicao-brasil-colombia,slides,/Users/benecles/Documents/UFRGS 2026-2/Direito Latino Americano/Justiça de Transição no Brasil e na Colômbia.pdf,7ac362842cd8ec6a0ae34170baf53deaa23609fdfd3a04b2108ab7ac4e804392,pdf,text layer,no matching extracted prep copy identified; raw PDF retained,aula-03.html;aula-04.html
gargarella-gelman,article,/Users/benecles/Documents/UFRGS 2026-2/Direito Latino Americano/La democracia frente a los crímenes masivos. Una reflexión a luz del caso Gelman - Roberto Gargarella.pdf,3f7f0120b3b380b77888e0513ba5a6b36e25eaf7b40a2aadf22e11a112ab2b46,pdf,text layer,reuse prep extraction: text/La democracia frente a los crímenes masivos. Una reflexión a luz del caso Gelman - Roberto Gargarella.txt,
ley-1592-2012,statute,/Users/benecles/Documents/UFRGS 2026-2/Direito Latino Americano/Ley_1592_de_2012.pdf,7d289a512e6264deb0c0942b01d0328e575569838822beed3a46e8b2abfc1bf5,pdf,text layer,reuse prep extraction: text/Ley_1592_de_2012.txt,
los-muros-de-la-infamia,article,/Users/benecles/Documents/UFRGS 2026-2/Direito Latino Americano/Los muros de la infamia.pdf,42aa27e1a246cdb00c84f173f87c517b5419c0ab88df38498111b8f4d4310ec5,pdf,text layer,reuse prep extraction: text/Los muros de la infamia.txt,
processo-de-paz-colombia,slides,/Users/benecles/Documents/UFRGS 2026-2/Direito Latino Americano/Processo de Paz na Colômbia.pdf,991b20fb6989662493c7d6f040a40c67bedb4254e1c16da3148b3301c07d3f9e,pdf,text layer,reuse prep extraction: text/Processo de Paz na Colômbia.txt,aula-04.html
scj-uruguay-20-2013,decision,/Users/benecles/Documents/UFRGS 2026-2/Direito Latino Americano/Sentencia 20-2013 SCJ Uruguai.pdf,483c67321a8425f26a9b210528545e3ba878d4c74ba4e51e5febcfc377e0f168,pdf,text layer,reuse prep extraction: text/Sentencia 20-2013 SCJ Uruguai.txt,
scj-uruguay-65-2014,decision,/Users/benecles/Documents/UFRGS 2026-2/Direito Latino Americano/Sentencia 65-2014 SCJ Uruguai.pdf,7590704094f7061a98076160cb0e8571541a4c1fad6d8abec131d078cbed2142,pdf,text layer,reuse prep extraction: text/Sentencia 65-2014 SCJ Uruguai.txt,
t-153-98,decision,/Users/benecles/Documents/UFRGS 2026-2/Direito Latino Americano/T-153-98.rtf,68bc87fd2257f52dbb0465c9b1904b316525db9f233226814c52711ae55012b6,rtf,text layer,reuse prep extraction: text/T-153-98.txt,
scp-0084-2017,decision,/Users/benecles/Documents/UFRGS 2026-2/Direito Latino Americano/sentencia-0084-2017-tcp-bolivia-reeleccion-evo-morales.pdf,0984ca844ecd9ff6d9dd11cdd00304a1f14c8e00c5acab7c1cd7fceab0fd5870,pdf,text layer,reuse prep extraction: text/sentencia-0084-2017-tcp-bolivia-reeleccion-evo-morales.txt,
moodle-programa,Moodle syllabus text,/Users/benecles/Documents/UFRGS 2026-2/Direito Latino Americano/Moodle/legacy scrape (date unknown)/DIR03057 - Direito Latino-americano/00 - Programa da Disciplina.txt,0887fbb46a9609b5cc06a6be7e78509e3afac725d509b837f5d08ecaf78504b7,txt,text layer,reused for S0,
moodle-current-extract,Moodle current scrape extract,/Users/benecles/Developer/ordenacoes-filipinas-workshop/work/latam-prep/text/moodle-current-extract.html,712e7620af216771b9b7de32c6f30fb3f86efd55455b68b7cd0cf877b7e1b27d,html,text layer,reuse prep copy text/moodle-current-extract.html,
moodle-legacy-engelmann,Moodle supplementary article copy,/Users/benecles/Documents/UFRGS 2026-2/Direito Latino Americano/Moodle/legacy scrape (date unknown)/DIR03057 - Direito Latino-americano/01 - Engelmann - Autonomia Politica do Judiciario.pdf,ea5b4c06c7b702e6c558006ce857b48776e6bf2716adbb00c3c2a8dd9118b1c8,pdf,text layer,reuse course article source row engelmann-bandeira-2017,
moodle-adpf154,Moodle scraped decision outside the syllabus map,/Users/benecles/Documents/UFRGS 2026-2/Direito Latino Americano/Moodle/2026-08-23 scrape/dir03057-latin/ADPF 154.pdf,268782fdfe780329ad8e1b7b8e9b81b46b637bb5eb563dca75f55130195dcaa0,pdf,text layer,retain as available course material,
moodle-provenance,Moodle scrape provenance index,/Users/benecles/Documents/UFRGS 2026-2/Direito Latino Americano/Moodle/legacy scrape/DIR03057 - Direito Latino-americano/PROVENANCE.tsv,d5ad0f3b4f7ec5497b26e268521989982c6a20d657c509052ce384ce9e277054,tsv,text layer,,
t-025-04,official decision HTML,/Users/benecles/Developer/ordenacoes-filipinas-workshop/work/latam-prep/sources-public/T-025-04.html,686e223af8d1a6867f201982e4dc30baa4e85f9292efdbaa3e8b6c2a0f33e9f3,html,text layer,reused from latam-prep/sources-public/T-025-04.html,
auto-176-05,official follow-up decision HTML,/Users/benecles/Developer/ordenacoes-filipinas-workshop/work/latam-prep/sources-public/Auto-176-05.html,7ce6189da457391cc8b9a823fe28f74dbbf266c082b660dbd167b9f6fcb20be7,html,text layer,reused from latam-prep/sources-public/Auto-176-05.html,
auto-008-09,official follow-up decision HTML,/Users/benecles/Developer/ordenacoes-filipinas-workshop/work/latam-prep/sources-public/Auto-008-09.html,f648df0f5b94951f0aadfe2173f1ab74694058758ad9241578181e50ce5a25a0,html,text layer,reused from latam-prep/sources-public/Auto-008-09.html,
gelman-supervision-2013,official Corte IDH PDF,/Users/benecles/Developer/ordenacoes-filipinas-workshop/work/latam-prep/sources-public/gelman-supervision-2013-03-20-official.pdf,3461e4b3517b693b648937f96a4fb9426197aaf84e0e4b4ed802bf9003ac7797,pdf,text layer,reused from latam-prep/sources-public/gelman-supervision-2013-03-20-official.pdf,
gomes-lund-reference-only,reference only,/Users/benecles/Developer/ordenacoes-filipinas-workshop/work/latam-prep/sources-public/gomes-lund-2010-11-24-seriec219-ing-official.pdf,bf2e5672e1f7d47943026f7dff07f0661ab106fd13dd7d7b3b97edc09bf74c87,pdf,text layer,reused latam-prep copy is third-party hosted and excluded from authoritative S2 use,
gomes-lund-full-text,official full judgment unavailable,https://www.corteidh.or.cr/docs/casos/articulos/seriec_219_esp.pdf — missing: prior official endpoint HTTP 403; third-party-hosted reference copy excluded,,missing official PDF,missing,prior official Corte IDH endpoints returned HTTP 403; no new retry authorized,
sta175-official-search-record,official STF inteiro-teor search results only,/private/tmp/workshop-latam-s1/work/pipeline/direito-latino-americano/text/sta175.html,9a25bd97aaca74738677a04000a5f8a8a07eab299cecf24a2312aae85a7319c4,html,text layer,exact decision not retrieved in this attempt,
sta175-inteiro-teor,official retry returned HTTP 403,https://www.stf.jus.br/arquivo/cms/noticianoticiastf/anexo/sta175.pdf — missing: HTTP 403,,missing official PDF,missing,no full text retrieved,
re566471-official-docket,official STF Tema 6 docket and thesis,/private/tmp/workshop-latam-s1/work/pipeline/direito-latino-americano/text/re566471.html,c4368a61131328a24e38367d2d1adf659725b59b7e1afa4240a733ecc7272e9a,html,text layer,merits record says final judgment 20/09/2024; full acórdão link was HTTP 403,
re566471-merits-2024,official full acórdão retry returned HTTP 403,https://portal.stf.jus.br/processos/downloadPeca.asp?id=15379933194&ext=.pdf — missing: HTTP 403,,missing official PDF,missing,,
adpf347-2015-official-notice,official STF notice on limited interim measures,https://portal.stf.jus.br/noticias/verNoticiaDetalhe.asp?idConteudo=299385&ori=1 — source described in latam-prep/sources-public/inventory-brazil.csv,,official HTML (not fetched in this stage),missing,does not replace cautelar acórdão,
adpf347-2015-cautelar,official STF document endpoint returned HTTP 202 with zero bytes,"https://redir.stf.jus.br/paginadorpub/paginador.jsp?docTP=TP&docID=10300665 — missing: HTTP 202, 0 bytes",,missing official PDF,missing,full cautelar remains unavailable,
oc28-21,official OC-28 PDF retrieved in one retry,/Users/benecles/Documents/UFRGS 2026-2/Direito Latino Americano/OC 28-2021 CIDH.pdf,d4391fc4fe7e46a90bbff65feb70ef5ed170afe7467f7a6620f021c8a0007c0c,pdf,text layer,"reused raw Moodle copy was compared and contains the complete official decision text, incl. operative text and both dissents",
