# id	after (order ids or ship:<order>)	not_before	check (run from work/)	lock (orders sharing a lock never run at once)
d2-reframe	-	-	python3 /Users/benecles/Documents/Codex/2026-09-23/you-h/work/relay-design-2026-09-29/d2/check_plate.py && python3 /Users/benecles/Documents/Codex/2026-09-23/you-h/work/relay-design-2026-09-29/d2/check_collisions.py	mj
home-polish	-	-	test -s /Users/benecles/Documents/Codex/2026-09-23/you-h/work/relay-design-2026-09-29/program/home-polish-GATE.md	home
front-drawings	-	-	python3 /Users/benecles/Documents/Codex/2026-09-23/you-h/work/relay-design-2026-09-29/d1/check_front.py direito-constitucional-i processo-civil-i controle-de-constitucionalidade	fronts
curation-plan	fr	-	python3 /Users/benecles/Documents/Codex/2026-09-23/you-h/work/relay-design-2026-09-29/curation/check_plan.py controle-de-constitucionalidade && python3 /Users/benecles/Documents/Codex/2026-09-23/you-h/work/relay-design-2026-09-29/curation/check_plan.py teoria-geral-dos-contratos	-
curation-plan-2	fr	-	python3 /Users/benecles/Documents/Codex/2026-09-23/you-h/work/relay-design-2026-09-29/curation/check_plan.py direito-constitucional-i && python3 /Users/benecles/Documents/Codex/2026-09-23/you-h/work/relay-design-2026-09-29/curation/check_plan.py processo-civil-i && python3 /Users/benecles/Documents/Codex/2026-09-23/you-h/work/relay-design-2026-09-29/curation/check_plan.py metodologia-juridica && python3 /Users/benecles/Documents/Codex/2026-09-23/you-h/work/relay-design-2026-09-29/curation/check_plan.py direito-latino-americano	-
c9-latam-contratos	fr	-	test -s /Users/benecles/Documents/Codex/2026-09-23/you-h/work/relay-design-2026-09-29/program/c9-latam-contratos-GATE.md	latam-contratos
jank-ci-mj	d2-reframe	-	/Users/benecles/.cache/codex-runtimes/codex-primary-runtime/dependencies/node/bin/node /Users/benecles/Documents/Codex/2026-09-23/you-h/work/relay-design-2026-09-29/gates/jank.mjs --site /Users/benecles/Documents/Codex/2026-09-23/you-h/work/relay-design-2026-09-29/site --course direito-constitucional-i --course metodologia-juridica --out /Users/benecles/Documents/Codex/2026-09-23/you-h/work/relay-design-2026-09-29/program/jank-ci-mj.csv && python3 /Users/benecles/Documents/Codex/2026-09-23/you-h/work/relay-design-2026-09-29/fr/check_text.py direito-constitucional-i metodologia-juridica	mj-plates
plates-2	jank-ci-mj	-	python3 /Users/benecles/Documents/Codex/2026-09-23/you-h/work/relay-design-2026-09-29/d2/check_plate.py	mj-plates
delito-wave2	ship-pipeline-root-fix	2026-10-02	/Users/benecles/.cache/codex-runtimes/codex-primary-runtime/dependencies/node/bin/node /Users/benecles/Documents/Codex/2026-09-23/you-h/work/relay-design-2026-09-29/gates/jank.mjs --site /Users/benecles/Documents/Codex/2026-09-23/you-h/work/relay-design-2026-09-29/site --course teoria-do-delito --out /Users/benecles/Documents/Codex/2026-09-23/you-h/work/relay-design-2026-09-29/program/jank-delito.csv	delito
curation-plan-3	delito-wave2,ship-pipeline-root-fix	-	python3 /Users/benecles/Documents/Codex/2026-09-23/you-h/work/relay-design-2026-09-29/curation/check_plan.py teoria-do-delito	-
main-pages	home-polish,front-drawings	-	python3 /Users/benecles/Documents/Codex/2026-09-23/you-h/work/program/checks/check_main_pages.py && python3 /Users/benecles/Documents/Codex/2026-09-23/you-h/work/relay-design-2026-09-29/d1/check_front.py controle-de-constitucionalidade direito-constitucional-i processo-civil-i teoria-do-delito teoria-geral-dos-contratos direito-latino-americano metodologia-juridica	main-pages
d2-reframe-r1	plates-2	-	python3 /Users/benecles/Documents/Codex/2026-09-23/you-h/work/relay-design-2026-09-29/d2/check_plate.py && python3 /Users/benecles/Documents/Codex/2026-09-23/you-h/work/relay-design-2026-09-29/d2/check_collisions.py /Users/benecles/Documents/Codex/2026-09-23/you-h/work/relay-design-2026-09-29/d2/captures-r1/gate-report.json	mj-plates
front-drawings-r1	-	-	python3 /Users/benecles/Documents/Codex/2026-09-23/you-h/work/relay-design-2026-09-29/d1/check_front.py direito-constitucional-i processo-civil-i controle-de-constitucionalidade && python3 /Users/benecles/Documents/Codex/2026-09-23/you-h/work/program/checks/check_front_drawings_r1.py	fronts
main-pages-r1	front-drawings-r2	-	python3 /Users/benecles/Documents/Codex/2026-09-23/you-h/work/program/checks/check_main_pages.py /Users/benecles/Documents/Codex/2026-09-23/you-h/work/relay-design-2026-09-29/program/main-pages-r1-captures/gate-report.json /Users/benecles/Documents/Codex/2026-09-23/you-h/work/relay-design-2026-09-29/program/main-pages-r1-GATE.md && python3 /Users/benecles/Documents/Codex/2026-09-23/you-h/work/relay-design-2026-09-29/d1/check_front.py controle-de-constitucionalidade direito-constitucional-i processo-civil-i teoria-do-delito teoria-geral-dos-contratos direito-latino-americano metodologia-juridica	fronts
d2-reframe-r2	d2-reframe-r1,ship:curation-build-metodologia-juridica-r1,ship-pipeline-root-fix	-	python3 /Users/benecles/Documents/Codex/2026-09-23/you-h/work/relay-design-2026-09-29/d2/check_plate.py && python3 /Users/benecles/Documents/Codex/2026-09-23/you-h/work/relay-design-2026-09-29/d2/check_collisions.py --report /Users/benecles/Documents/Codex/2026-09-23/you-h/work/relay-design-2026-09-29/d2/captures-r2/gate-report.json --contains /courses/metodologia-juridica/aula-01.html --freshness-page /Users/benecles/Documents/Codex/2026-09-23/you-h/work/relay-design-2026-09-29/site/courses/metodologia-juridica/aula-01.html --contains /courses/metodologia-juridica/aula-02.html --freshness-page /Users/benecles/Documents/Codex/2026-09-23/you-h/work/relay-design-2026-09-29/site/courses/metodologia-juridica/aula-02.html --contains /courses/metodologia-juridica/aula-04.html --freshness-page /Users/benecles/Documents/Codex/2026-09-23/you-h/work/relay-design-2026-09-29/site/courses/metodologia-juridica/aula-04.html --contains /courses/metodologia-juridica/aula-06.html --freshness-page /Users/benecles/Documents/Codex/2026-09-23/you-h/work/relay-design-2026-09-29/site/courses/metodologia-juridica/aula-06.html --contains /courses/metodologia-juridica/aula-14.html --freshness-page /Users/benecles/Documents/Codex/2026-09-23/you-h/work/relay-design-2026-09-29/site/courses/metodologia-juridica/aula-14.html && /Users/benecles/.cache/codex-runtimes/codex-primary-runtime/dependencies/node/bin/node /Users/benecles/Documents/Codex/2026-09-23/you-h/work/relay-design-2026-09-29/gates/jank.mjs --site /Users/benecles/Documents/Codex/2026-09-23/you-h/work/relay-design-2026-09-29/site --course metodologia-juridica --page aula-01.html --out /Users/benecles/Documents/Codex/2026-09-23/you-h/work/program/d2-reframe-r2-01-jank.csv && /Users/benecles/.cache/codex-runtimes/codex-primary-runtime/dependencies/node/bin/node /Users/benecles/Documents/Codex/2026-09-23/you-h/work/relay-design-2026-09-29/gates/jank.mjs --site /Users/benecles/Documents/Codex/2026-09-23/you-h/work/relay-design-2026-09-29/site --course metodologia-juridica --page aula-02.html --out /Users/benecles/Documents/Codex/2026-09-23/you-h/work/program/d2-reframe-r2-02-jank.csv && /Users/benecles/.cache/codex-runtimes/codex-primary-runtime/dependencies/node/bin/node /Users/benecles/Documents/Codex/2026-09-23/you-h/work/relay-design-2026-09-29/gates/jank.mjs --site /Users/benecles/Documents/Codex/2026-09-23/you-h/work/relay-design-2026-09-29/site --course metodologia-juridica --page aula-04.html --out /Users/benecles/Documents/Codex/2026-09-23/you-h/work/program/d2-reframe-r2-04-jank.csv && /Users/benecles/.cache/codex-runtimes/codex-primary-runtime/dependencies/node/bin/node /Users/benecles/Documents/Codex/2026-09-23/you-h/work/relay-design-2026-09-29/gates/jank.mjs --site /Users/benecles/Documents/Codex/2026-09-23/you-h/work/relay-design-2026-09-29/site --course metodologia-juridica --page aula-06.html --out /Users/benecles/Documents/Codex/2026-09-23/you-h/work/program/d2-reframe-r2-06-jank.csv && /Users/benecles/.cache/codex-runtimes/codex-primary-runtime/dependencies/node/bin/node /Users/benecles/Documents/Codex/2026-09-23/you-h/work/relay-design-2026-09-29/gates/jank.mjs --site /Users/benecles/Documents/Codex/2026-09-23/you-h/work/relay-design-2026-09-29/site --course metodologia-juridica --page aula-14.html --out /Users/benecles/Documents/Codex/2026-09-23/you-h/work/program/d2-reframe-r2-14-jank.csv && test -s /Users/benecles/Documents/Codex/2026-09-23/you-h/work/relay-design-2026-09-29/program/d2-reframe-r2-GATE.md && grep -q '^REFERENCE: PASS' /Users/benecles/Documents/Codex/2026-09-23/you-h/work/relay-design-2026-09-29/program/d2-reframe-r2-GATE.md && grep -q '^SHIPCHECK: PASS' /Users/benecles/Documents/Codex/2026-09-23/you-h/work/relay-design-2026-09-29/program/d2-reframe-r2-GATE.md && grep -q '^SHIPCOPY: ' /Users/benecles/Documents/Codex/2026-09-23/you-h/work/relay-design-2026-09-29/program/d2-reframe-r2-GATE.md	mj-plates
front-drawings-r2	-	-	python3 /Users/benecles/Documents/Codex/2026-09-23/you-h/work/program/checks/check_front_drawings_r1.py && python3 /Users/benecles/Documents/Codex/2026-09-23/you-h/work/relay-design-2026-09-29/d1/check_front.py direito-constitucional-i processo-civil-i controle-de-constitucionalidade && test -s /Users/benecles/Documents/Codex/2026-09-23/you-h/work/relay-design-2026-09-29/program/front-drawings-r2-GATE.md && grep -q '^SHIPCHANGE: ' /Users/benecles/Documents/Codex/2026-09-23/you-h/work/relay-design-2026-09-29/program/front-drawings-r2-GATE.md && grep -q '^SHIPCHECK: PASS' /Users/benecles/Documents/Codex/2026-09-23/you-h/work/relay-design-2026-09-29/program/front-drawings-r2-GATE.md && grep -q '^SHIPCOPY: ' /Users/benecles/Documents/Codex/2026-09-23/you-h/work/relay-design-2026-09-29/program/front-drawings-r2-GATE.md	fronts
fr-r1	plates-2	-	/Users/benecles/.cache/codex-runtimes/codex-primary-runtime/dependencies/node/bin/node /Users/benecles/Documents/Codex/2026-09-23/you-h/work/relay-design-2026-09-29/gates/jank.mjs --site /Users/benecles/Documents/Codex/2026-09-23/you-h/work/relay-design-2026-09-29/site --course controle-de-constitucionalidade --course teoria-geral-dos-contratos --course direito-latino-americano --course processo-civil-i --out /Users/benecles/Documents/Codex/2026-09-23/you-h/work/relay-design-2026-09-29/program/fr-r1-jank.csv && python3 /Users/benecles/Documents/Codex/2026-09-23/you-h/work/relay-design-2026-09-29/fr/check_text.py controle-de-constitucionalidade teoria-geral-dos-contratos direito-latino-americano processo-civil-i	fr
curation-build-direito-constitucional-i	-	-	python3 /Users/benecles/Documents/Codex/2026-09-23/you-h/work/relay-design-2026-09-29/curation/check_build.py direito-constitucional-i && /Users/benecles/.cache/codex-runtimes/codex-primary-runtime/dependencies/node/bin/node /Users/benecles/Documents/Codex/2026-09-23/you-h/work/relay-design-2026-09-29/gates/jank.mjs --site /Users/benecles/Documents/Codex/2026-09-23/you-h/work/relay-design-2026-09-29/site --course direito-constitucional-i --out /Users/benecles/Documents/Codex/2026-09-23/you-h/work/relay-design-2026-09-29/program/curation-build-direito-constitucional-i-jank.csv && test -s /Users/benecles/Documents/Codex/2026-09-23/you-h/work/relay-design-2026-09-29/program/curation-build-direito-constitucional-i-GATE.md	curation-builds
curation-build-metodologia-juridica	-	-	python3 /Users/benecles/Documents/Codex/2026-09-23/you-h/work/relay-design-2026-09-29/curation/check_build_metodologia-juridica.py metodologia-juridica && /Users/benecles/.cache/codex-runtimes/codex-primary-runtime/dependencies/node/bin/node /Users/benecles/Documents/Codex/2026-09-23/you-h/work/relay-design-2026-09-29/gates/jank.mjs --site /Users/benecles/Documents/Codex/2026-09-23/you-h/work/relay-design-2026-09-29/site --course metodologia-juridica --out /Users/benecles/Documents/Codex/2026-09-23/you-h/work/relay-design-2026-09-29/program/curation-build-metodologia-juridica-jank.csv && test -s /Users/benecles/Documents/Codex/2026-09-23/you-h/work/relay-design-2026-09-29/program/curation-build-metodologia-juridica-GATE.md	curation-builds
curation-build-processo-civil-i	fr-r1	-	python3 /Users/benecles/Documents/Codex/2026-09-23/you-h/work/relay-design-2026-09-29/curation/check_build_processo-civil-i.py processo-civil-i && /Users/benecles/.cache/codex-runtimes/codex-primary-runtime/dependencies/node/bin/node /Users/benecles/Documents/Codex/2026-09-23/you-h/work/relay-design-2026-09-29/gates/jank.mjs --site /Users/benecles/Documents/Codex/2026-09-23/you-h/work/relay-design-2026-09-29/site --course processo-civil-i --out /Users/benecles/Documents/Codex/2026-09-23/you-h/work/relay-design-2026-09-29/program/curation-build-processo-civil-i-jank.csv && test -s /Users/benecles/Documents/Codex/2026-09-23/you-h/work/relay-design-2026-09-29/program/curation-build-processo-civil-i-GATE.md	curation-builds
curation-build-direito-latino-americano	fr-r1	-	python3 /Users/benecles/Documents/Codex/2026-09-23/you-h/work/relay-design-2026-09-29/curation/check_build_direito-latino-americano.py direito-latino-americano && /Users/benecles/.cache/codex-runtimes/codex-primary-runtime/dependencies/node/bin/node /Users/benecles/Documents/Codex/2026-09-23/you-h/work/relay-design-2026-09-29/gates/jank.mjs --site /Users/benecles/Documents/Codex/2026-09-23/you-h/work/relay-design-2026-09-29/site --course direito-latino-americano --out /Users/benecles/Documents/Codex/2026-09-23/you-h/work/relay-design-2026-09-29/program/curation-build-direito-latino-americano-jank.csv && test -s /Users/benecles/Documents/Codex/2026-09-23/you-h/work/relay-design-2026-09-29/program/curation-build-direito-latino-americano-GATE.md	curation-builds
plates-2-r1	ship-pipeline-root-fix,ship:d2-reframe-r2	-	python3 /Users/benecles/Documents/Codex/2026-09-23/you-h/work/program/checks/check_plates2_r1.py	mj-plates
curation-build-direito-constitucional-i-r1	ship-pipeline-root-fix	-	python3 /Users/benecles/Documents/Codex/2026-09-23/you-h/work/relay-design-2026-09-29/curation/check_build_direito-constitucional-i.py direito-constitucional-i && /Users/benecles/.cache/codex-runtimes/codex-primary-runtime/dependencies/node/bin/node /Users/benecles/Documents/Codex/2026-09-23/you-h/work/relay-design-2026-09-29/gates/jank.mjs --site /Users/benecles/Documents/Codex/2026-09-23/you-h/work/relay-design-2026-09-29/site --course direito-constitucional-i --out /Users/benecles/Documents/Codex/2026-09-23/you-h/work/relay-design-2026-09-29/program/curation-build-direito-constitucional-i-r1-jank.csv && test -s /Users/benecles/Documents/Codex/2026-09-23/you-h/work/relay-design-2026-09-29/program/curation-build-direito-constitucional-i-r1-GATE.md && grep -q '^SHIPCHANGE: ' /Users/benecles/Documents/Codex/2026-09-23/you-h/work/relay-design-2026-09-29/program/curation-build-direito-constitucional-i-r1-GATE.md && grep -q '^SHIPCHECK: PASS' /Users/benecles/Documents/Codex/2026-09-23/you-h/work/relay-design-2026-09-29/program/curation-build-direito-constitucional-i-r1-GATE.md && grep -q '^SHIPCROP: ' /Users/benecles/Documents/Codex/2026-09-23/you-h/work/relay-design-2026-09-29/program/curation-build-direito-constitucional-i-r1-GATE.md && grep -q '^SHIPCOPY: ' /Users/benecles/Documents/Codex/2026-09-23/you-h/work/relay-design-2026-09-29/program/curation-build-direito-constitucional-i-r1-GATE.md	curation-builds
ship-pipeline-root-fix	-	-	bash -n /Users/benecles/Documents/Codex/2026-09-23/you-h/work/program/runner.sh && python3 -m py_compile /Users/benecles/Documents/Codex/2026-09-23/you-h/work/program/ships/shipper.py && python3 /Users/benecles/Documents/Codex/2026-09-23/you-h/work/program/checks/check_ship_pipeline.py	program-maintenance
c9-latam-contratos-r1	ship-pipeline-root-fix,ship:fr-r1-r1,ship:plates-2-r1	-	python3 /Users/benecles/Documents/Codex/2026-09-23/you-h/work/program/checks/check_c9-latam-contratos-r1.py && /Users/benecles/.cache/codex-runtimes/codex-primary-runtime/dependencies/node/bin/node /Users/benecles/Documents/Codex/2026-09-23/you-h/work/relay-design-2026-09-29/gates/jank.mjs --site /Users/benecles/Documents/Codex/2026-09-23/you-h/work/relay-design-2026-09-29/site --course direito-latino-americano --course teoria-geral-dos-contratos --out /Users/benecles/Documents/Codex/2026-09-23/you-h/work/relay-design-2026-09-29/program/c9-latam-contratos-r1-jank.csv && test -s /Users/benecles/Documents/Codex/2026-09-23/you-h/work/relay-design-2026-09-29/program/c9-latam-contratos-r1-GATE.md && grep -q '^SHIPCHANGE: ' /Users/benecles/Documents/Codex/2026-09-23/you-h/work/relay-design-2026-09-29/program/c9-latam-contratos-r1-GATE.md && grep -q '^SHIPCHECK: PASS' /Users/benecles/Documents/Codex/2026-09-23/you-h/work/relay-design-2026-09-29/program/c9-latam-contratos-r1-GATE.md && grep -q '^SHIPCROP: ' /Users/benecles/Documents/Codex/2026-09-23/you-h/work/relay-design-2026-09-29/program/c9-latam-contratos-r1-GATE.md && grep -q '^SHIPCOPY: ' /Users/benecles/Documents/Codex/2026-09-23/you-h/work/relay-design-2026-09-29/program/c9-latam-contratos-r1-GATE.md	latam-contratos
jank-ci-mj-r1	ship-pipeline-root-fix,ship:curation-build-metodologia-juridica-r1,ship:d2-reframe-r2,ship:plates-2-r1	-	python3 /Users/benecles/Documents/Codex/2026-09-23/you-h/work/program/checks/check_jank_ci_mj_r1.py && /Users/benecles/.cache/codex-runtimes/codex-primary-runtime/dependencies/node/bin/node /Users/benecles/Documents/Codex/2026-09-23/you-h/work/relay-design-2026-09-29/gates/jank.mjs --site /Users/benecles/Documents/Codex/2026-09-23/you-h/work/relay-design-2026-09-29/site --course direito-constitucional-i --course metodologia-juridica --out /Users/benecles/Documents/Codex/2026-09-23/you-h/work/relay-design-2026-09-29/program/jank-ci-mj-r1.csv && test -s /Users/benecles/Documents/Codex/2026-09-23/you-h/work/relay-design-2026-09-29/program/jank-ci-mj-r1-GATE.md && grep -q '^SHIPCHANGE: ' /Users/benecles/Documents/Codex/2026-09-23/you-h/work/relay-design-2026-09-29/program/jank-ci-mj-r1-GATE.md && grep -q '^SHIPCHECK: PASS' /Users/benecles/Documents/Codex/2026-09-23/you-h/work/relay-design-2026-09-29/program/jank-ci-mj-r1-GATE.md && grep -q '^SHIPCROP: ' /Users/benecles/Documents/Codex/2026-09-23/you-h/work/relay-design-2026-09-29/program/jank-ci-mj-r1-GATE.md && grep -q '^SHIPCOPY: ' /Users/benecles/Documents/Codex/2026-09-23/you-h/work/relay-design-2026-09-29/program/jank-ci-mj-r1-GATE.md	mj-plates
curation-build-direito-latino-americano-r1	ship-pipeline-root-fix	-	python3 /Users/benecles/Documents/Codex/2026-09-23/you-h/work/relay-design-2026-09-29/curation/check_build_direito-latino-americano.py direito-latino-americano && /Users/benecles/.cache/codex-runtimes/codex-primary-runtime/dependencies/node/bin/node /Users/benecles/Documents/Codex/2026-09-23/you-h/work/relay-design-2026-09-29/gates/jank.mjs --site /Users/benecles/Documents/Codex/2026-09-23/you-h/work/relay-design-2026-09-29/site --course direito-latino-americano --out /Users/benecles/Documents/Codex/2026-09-23/you-h/work/relay-design-2026-09-29/program/curation-build-direito-latino-americano-r1-jank.csv && test -s /Users/benecles/Documents/Codex/2026-09-23/you-h/work/relay-design-2026-09-29/program/curation-build-direito-latino-americano-r1-GATE.md && grep -q '^SHIPCHANGE: ' /Users/benecles/Documents/Codex/2026-09-23/you-h/work/relay-design-2026-09-29/program/curation-build-direito-latino-americano-r1-GATE.md && grep -q '^SHIPCHECK: PASS' /Users/benecles/Documents/Codex/2026-09-23/you-h/work/relay-design-2026-09-29/program/curation-build-direito-latino-americano-r1-GATE.md && grep -q '^SHIPCROP: ' /Users/benecles/Documents/Codex/2026-09-23/you-h/work/relay-design-2026-09-29/program/curation-build-direito-latino-americano-r1-GATE.md && grep -q '^SHIPCOPY: ' /Users/benecles/Documents/Codex/2026-09-23/you-h/work/relay-design-2026-09-29/program/curation-build-direito-latino-americano-r1-GATE.md	curation-builds
fr-r1-r1	ship-pipeline-root-fix	-	/Users/benecles/.cache/codex-runtimes/codex-primary-runtime/dependencies/node/bin/node /Users/benecles/Documents/Codex/2026-09-23/you-h/work/relay-design-2026-09-29/gates/jank.mjs --site /Users/benecles/Documents/Codex/2026-09-23/you-h/work/relay-design-2026-09-29/site --course controle-de-constitucionalidade --course teoria-geral-dos-contratos --course direito-latino-americano --course processo-civil-i --out /Users/benecles/Documents/Codex/2026-09-23/you-h/work/relay-design-2026-09-29/program/fr-r1-r1-jank.csv && python3 /Users/benecles/Documents/Codex/2026-09-23/you-h/work/relay-design-2026-09-29/fr/check_text.py controle-de-constitucionalidade teoria-geral-dos-contratos direito-latino-americano processo-civil-i && test -s /Users/benecles/Documents/Codex/2026-09-23/you-h/work/relay-design-2026-09-29/program/fr-r1-r1-GATE.md && grep -q '^SHIPCHANGE: ' /Users/benecles/Documents/Codex/2026-09-23/you-h/work/relay-design-2026-09-29/program/fr-r1-r1-GATE.md && grep -q '^SHIPCHECK: PASS' /Users/benecles/Documents/Codex/2026-09-23/you-h/work/relay-design-2026-09-29/program/fr-r1-r1-GATE.md && grep -q '^SHIPCROP: ' /Users/benecles/Documents/Codex/2026-09-23/you-h/work/relay-design-2026-09-29/program/fr-r1-r1-GATE.md && grep -q '^SHIPCOPY: ' /Users/benecles/Documents/Codex/2026-09-23/you-h/work/relay-design-2026-09-29/program/fr-r1-r1-GATE.md	fr
curation-build-metodologia-juridica-r1	ship-pipeline-root-fix	-	python3 /Users/benecles/Documents/Codex/2026-09-23/you-h/work/relay-design-2026-09-29/curation/check_build_metodologia-juridica.py metodologia-juridica && /Users/benecles/.cache/codex-runtimes/codex-primary-runtime/dependencies/node/bin/node /Users/benecles/Documents/Codex/2026-09-23/you-h/work/relay-design-2026-09-29/gates/jank.mjs --site /Users/benecles/Documents/Codex/2026-09-23/you-h/work/relay-design-2026-09-29/site --course metodologia-juridica --out /Users/benecles/Documents/Codex/2026-09-23/you-h/work/relay-design-2026-09-29/program/curation-build-metodologia-juridica-r1-jank.csv && test -s /Users/benecles/Documents/Codex/2026-09-23/you-h/work/relay-design-2026-09-29/program/curation-build-metodologia-juridica-r1-GATE.md && grep -q '^SHIPCHANGE: ' /Users/benecles/Documents/Codex/2026-09-23/you-h/work/relay-design-2026-09-29/program/curation-build-metodologia-juridica-r1-GATE.md && grep -q '^SHIPCHECK: PASS' /Users/benecles/Documents/Codex/2026-09-23/you-h/work/relay-design-2026-09-29/program/curation-build-metodologia-juridica-r1-GATE.md && grep -q '^SHIPCROP: ' /Users/benecles/Documents/Codex/2026-09-23/you-h/work/relay-design-2026-09-29/program/curation-build-metodologia-juridica-r1-GATE.md && grep -q '^SHIPCOPY: ' /Users/benecles/Documents/Codex/2026-09-23/you-h/work/relay-design-2026-09-29/program/curation-build-metodologia-juridica-r1-GATE.md	curation-builds
curation-build-direito-constitucional-i-r2	ship-pipeline-root-fix,ship:jank-ci-mj	-	CURATION_BUILD_BASELINE_ROOT=/Users/benecles/Documents/Codex/2026-09-23/you-h/work/program/ships/baselines/curation-build-direito-constitucional-i-r2-current-live/direito-constitucional-i python3 /Users/benecles/Documents/Codex/2026-09-23/you-h/work/relay-design-2026-09-29/curation/check_build_direito-constitucional-i.py direito-constitucional-i && /Users/benecles/.cache/codex-runtimes/codex-primary-runtime/dependencies/node/bin/node /Users/benecles/Documents/Codex/2026-09-23/you-h/work/relay-design-2026-09-29/gates/jank.mjs --site /Users/benecles/Documents/Codex/2026-09-23/you-h/work/relay-design-2026-09-29/site --course direito-constitucional-i --out /Users/benecles/Documents/Codex/2026-09-23/you-h/work/program/curation-build-direito-constitucional-i-r2-jank.csv && test -s /Users/benecles/Documents/Codex/2026-09-23/you-h/work/relay-design-2026-09-29/program/curation-build-direito-constitucional-i-r2-GATE.md && grep -q '^SHIPCHANGE: ' /Users/benecles/Documents/Codex/2026-09-23/you-h/work/relay-design-2026-09-29/program/curation-build-direito-constitucional-i-r2-GATE.md && grep -q '^SHIPCHECK: PASS' /Users/benecles/Documents/Codex/2026-09-23/you-h/work/relay-design-2026-09-29/program/curation-build-direito-constitucional-i-r2-GATE.md && grep -q '^SHIPCROP: ' /Users/benecles/Documents/Codex/2026-09-23/you-h/work/relay-design-2026-09-29/program/curation-build-direito-constitucional-i-r2-GATE.md && grep -q '^SHIPCOPY: ' /Users/benecles/Documents/Codex/2026-09-23/you-h/work/relay-design-2026-09-29/program/curation-build-direito-constitucional-i-r2-GATE.md	curation-builds
ship-output-artifacts	ship-pipeline-root-fix	-	python3 /Users/benecles/Documents/Codex/2026-09-23/you-h/work/program/checks/check_ship_pipeline.py	program-maintenance
front-drawings-r3	-	-	python3 /Users/benecles/Documents/Codex/2026-09-23/you-h/work/relay-design-2026-09-29/d1/check_front.py direito-constitucional-i processo-civil-i controle-de-constitucionalidade	fronts
curation-build-direito-latino-americano-r2	ship-pipeline-root-fix	-	python3 /Users/benecles/Documents/Codex/2026-09-23/you-h/work/program/checks/check_curation_build.py --course direito-latino-americano --baseline /Users/benecles/Documents/Codex/2026-09-23/you-h/work/program/ships/baselines/curation-build-direito-latino-americano-r2-current-live/direito-latino-americano --pages aula-03.html aula-04.html aula-05.html aula-06.html aula-07.html aula-08.html && /Users/benecles/.cache/codex-runtimes/codex-primary-runtime/dependencies/node/bin/node /Users/benecles/Documents/Codex/2026-09-23/you-h/work/relay-design-2026-09-29/gates/jank.mjs --site /Users/benecles/Documents/Codex/2026-09-23/you-h/work/relay-design-2026-09-29/site --course direito-latino-americano --out /Users/benecles/Documents/Codex/2026-09-23/you-h/work/relay-design-2026-09-29/program/curation-build-direito-latino-americano-r2-jank.csv && test -s /Users/benecles/Documents/Codex/2026-09-23/you-h/work/relay-design-2026-09-29/program/curation-build-direito-latino-americano-r2-GATE.md && grep -q '^SHIPCHANGE: ' /Users/benecles/Documents/Codex/2026-09-23/you-h/work/relay-design-2026-09-29/program/curation-build-direito-latino-americano-r2-GATE.md && grep -q '^SHIPCHECK: PASS' /Users/benecles/Documents/Codex/2026-09-23/you-h/work/relay-design-2026-09-29/program/curation-build-direito-latino-americano-r2-GATE.md && grep -q '^SHIPCROP: ' /Users/benecles/Documents/Codex/2026-09-23/you-h/work/relay-design-2026-09-29/program/curation-build-direito-latino-americano-r2-GATE.md && grep -q '^SHIPCOPY: ' /Users/benecles/Documents/Codex/2026-09-23/you-h/work/relay-design-2026-09-29/program/curation-build-direito-latino-americano-r2-GATE.md	curation-builds
curation-build-direito-latino-americano-r2b	ship:curation-build-direito-latino-americano-r2	-	python3 /Users/benecles/Documents/Codex/2026-09-23/you-h/work/program/checks/check_curation_build.py --course direito-latino-americano --baseline /Users/benecles/Documents/Codex/2026-09-23/you-h/work/program/ships/baselines/curation-build-direito-latino-americano-r2b-current-live/direito-latino-americano --pages aula-09.html && /Users/benecles/.cache/codex-runtimes/codex-primary-runtime/dependencies/node/bin/node /Users/benecles/Documents/Codex/2026-09-23/you-h/work/relay-design-2026-09-29/gates/jank.mjs --site /Users/benecles/Documents/Codex/2026-09-23/you-h/work/relay-design-2026-09-29/site --course direito-latino-americano --out /Users/benecles/Documents/Codex/2026-09-23/you-h/work/relay-design-2026-09-29/program/curation-build-direito-latino-americano-r2b-jank.csv && test -s /Users/benecles/Documents/Codex/2026-09-23/you-h/work/relay-design-2026-09-29/program/curation-build-direito-latino-americano-r2b-GATE.md && grep -q '^SHIPCHANGE: ' /Users/benecles/Documents/Codex/2026-09-23/you-h/work/relay-design-2026-09-29/program/curation-build-direito-latino-americano-r2b-GATE.md && grep -q '^SHIPCHECK: PASS' /Users/benecles/Documents/Codex/2026-09-23/you-h/work/relay-design-2026-09-29/program/curation-build-direito-latino-americano-r2b-GATE.md && grep -q '^SHIPCROP: ' /Users/benecles/Documents/Codex/2026-09-23/you-h/work/relay-design-2026-09-29/program/curation-build-direito-latino-americano-r2b-GATE.md && grep -q '^SHIPCOPY: ' /Users/benecles/Documents/Codex/2026-09-23/you-h/work/relay-design-2026-09-29/program/curation-build-direito-latino-americano-r2b-GATE.md	curation-builds
boxy-detector	ship:d2-reframe-r2,ship:plates-2-r1,ship:c9-latam-contratos-r1,ship:jank-ci-mj-r1,ship:delito-wave2,ship:fr-r1-r1,ship:curation-build-processo-civil-i,ship:curation-build-metodologia-juridica-r1	-	python3 /Users/benecles/Documents/Codex/2026-09-23/you-h/work/program/checks/check_boxy_scan.py	boxy-scan
curation-build-controle-de-constitucionalidade	-	-	python3 /Users/benecles/Documents/Codex/2026-09-23/you-h/work/relay-design-2026-09-29/curation/check_build_controle-de-constitucionalidade.py controle-de-constitucionalidade && /Users/benecles/.cache/codex-runtimes/codex-primary-runtime/dependencies/node/bin/node /Users/benecles/Documents/Codex/2026-09-23/you-h/work/relay-design-2026-09-29/gates/jank.mjs --site /Users/benecles/Documents/Codex/2026-09-23/you-h/work/relay-design-2026-09-29/site --course controle-de-constitucionalidade --out /Users/benecles/Documents/Codex/2026-09-23/you-h/work/relay-design-2026-09-29/program/curation-build-controle-de-constitucionalidade-jank.csv && test -s /Users/benecles/Documents/Codex/2026-09-23/you-h/work/relay-design-2026-09-29/program/curation-build-controle-de-constitucionalidade-GATE.md	curation-controle-de-constitucionalidade
curation-build-teoria-geral-dos-contratos	-	-	python3 /Users/benecles/Documents/Codex/2026-09-23/you-h/work/relay-design-2026-09-29/curation/check_build_teoria-geral-dos-contratos.py teoria-geral-dos-contratos && /Users/benecles/.cache/codex-runtimes/codex-primary-runtime/dependencies/node/bin/node /Users/benecles/Documents/Codex/2026-09-23/you-h/work/relay-design-2026-09-29/gates/jank.mjs --site /Users/benecles/Documents/Codex/2026-09-23/you-h/work/relay-design-2026-09-29/site --course teoria-geral-dos-contratos --out /Users/benecles/Documents/Codex/2026-09-23/you-h/work/relay-design-2026-09-29/program/curation-build-teoria-geral-dos-contratos-jank.csv && test -s /Users/benecles/Documents/Codex/2026-09-23/you-h/work/relay-design-2026-09-29/program/curation-build-teoria-geral-dos-contratos-GATE.md	curation-teoria-geral-dos-contratos
