source_id,source_role,role,title,path,aliases,sha256,format,text_status,notes
didier-curso-vol1-2017,book_base,book_base,"Didier Jr., Curso de direito processual civil, vol. 1, 19ª ed. (2017)",/Users/benecles/Documents/UFRGS 2026-2/Direito Processual Civil I-a/Livros/Curso de direito processual civil - Didier.pdf,,4afef9ce79aa61a3ffd9382b68a704813e10a97d04e20e084b2ae562339115ec,PDF,text layer,"Full work; assigned pp. 637–670 are mapped by chapter title, not the 2015 pagination."
mitidiero-processo-civil-2022,book_base,book_base,"Mitidiero, Processo Civil, 2ª ed. (2022)","/Users/benecles/Documents/UFRGS 2026-2/Direito Processual Civil I-a/Livros/Mitidiero, Daniel - Processo Civil.pdf",,55ff1ab67015a13e8f6412781cb31e83643c468b9229a7e0b807e8a3565216fb,PDF,text layer,
marinoni-novo-curso-vol1-2017,book_supplementary,book_supplementary,"Marinoni/Arenhart/Mitidiero, Novo Curso, vol. 1 (2017)",/Users/benecles/Documents/UFRGS 2026-2/Direito Processual Civil I-a/Livros/Novo curso de processo civil - Mitidiero.pdf,,b28349edd6d976e842157ef33c9266dc8f7cde8bbc011c7feb3c4024c0843c7b,PDF,text layer,Theory only.
taruffo-la-prova-1992,book_supplementary,book_supplementary,"Taruffo, La prova dei fatti giuridici (1992)","/Users/benecles/Documents/UFRGS 2026-2/Direito Processual Civil I-a/Livros/Taruffo, Michele — La prova dei fatti giuridici (1992).pdf",,748e73da4b822cf06b2db826fd8ddeb6a566c5d41e66c9810b375528ce5279aa,PDF scan,OCR done,Local Tesseract (ita+eng); spot-read PDF p. 10 against rendered index page.
marinoni-novo-curso-vol2,book_base,book_base,"Marinoni/Arenhart/Mitidiero, Novo Curso, vol. 2 (procedimento comum)","/Users/benecles/Documents/UFRGS 2026-2/Direito Processual Civil I-a/Livros/Novo curso de processo civil vol 2 - Marinoni, Arenhart, Mitidiero.pdf",,77a67b5867ec210b17e6a224e75063157090635ef3f2b25459c2e3c35be9d655,PDF,text layer,Added 2026-10-06; full text layer.
barbosa-moreira-temas-serie4-1989,assigned_reading,assigned_reading,"Barbosa Moreira, Temas de Direito Processual: Quarta Série (1989)","/Users/benecles/Documents/UFRGS 2026-2/Direito Processual Civil I-a/Livros/Barbosa Moreira - Temas de Direito Processual, Quarta Série (1989).pdf",,bc04d134bdac5bb91486e949d071173983f1d18ebba3ff9a389704d4f4ab7b2e,PDF scan,OCR done,Local Tesseract; assigned “Saneamento do processo e audiência preliminar” and supporting “Alguns problemas atuais da prova civil”; spot-read title page.
eid-litisconsorcio-unitario,assigned_reading,assigned_reading,"EID, Litisconsórcio unitário, assigned pp. 25–69","/Users/benecles/Documents/UFRGS 2026-2/Direito Processual Civil I-a/Artigos/EID, Elie Pierre. Litisconsórcio unitário..pdf",/Users/benecles/Documents/UFRGS 2026-2/Direito Processual Civil I-a/Moodle/2026-08-23 scrape/dir02002-process/01 - EID - Litisconsorcio unitario 2.pdf | /Users/benecles/Documents/UFRGS 2026-2/Direito Processual Civil I-a/Moodle/2026-08-23 scrape/dir02002-process/01 - EID - Litisconsorcio unitario.pdf | /Users/benecles/Documents/UFRGS 2026-2/Direito Processual Civil I-a/Moodle/legacy scrape (date unknown)/DIR02002 - Direito Processual Civil I-a/Doutrina/01 - EID - Litisconsorcio unitario 2.pdf | /Users/benecles/Documents/UFRGS 2026-2/Direito Processual Civil I-a/Moodle/legacy scrape (date unknown)/DIR02002 - Direito Processual Civil I-a/Doutrina/01 - EID - Litisconsorcio unitario.pdf,4a67217e45e5c58e2d53a244e696e32a8829bcd20d852ed4d26d1f3bcc1c7d96,PDF,text layer,
didier-resposta-reu-revelia,assigned_reading,assigned_reading,"Didier Jr., Resposta do réu e revelia",/Users/benecles/Documents/UFRGS 2026-2/Direito Processual Civil I-a/Artigos/FREDIE Resposta do Reu e Revelia.pdf,/Users/benecles/Documents/UFRGS 2026-2/Direito Processual Civil I-a/Moodle/2026-08-23 scrape/dir02002-process/FREDIE Resposta do Reu e Revelia 2.pdf | /Users/benecles/Documents/UFRGS 2026-2/Direito Processual Civil I-a/Moodle/2026-08-23 scrape/dir02002-process/FREDIE Resposta do Reu e Revelia.pdf | /Users/benecles/Documents/UFRGS 2026-2/Direito Processual Civil I-a/Moodle/legacy scrape (date unknown)/DIR02002 - Direito Processual Civil I-a/Doutrina/11 - FREDIE - Resposta do Reu e Revelia 2.pdf | /Users/benecles/Documents/UFRGS 2026-2/Direito Processual Civil I-a/Moodle/legacy scrape (date unknown)/DIR02002 - Direito Processual Civil I-a/Doutrina/11 - FREDIE - Resposta do Reu e Revelia.pdf,acf718c8f09d9bba4f963750d54e723423dddcb8119e41192654651c4ce327fe,PDF,text layer,Separate assigned-reading extract; the full Didier vol. 1 is also inventoried.
passos-teoria-nulidades,assigned_reading,assigned_reading,"Passos, Esboço de uma teoria das nulidades, assigned pp. 123–142",/Users/benecles/Documents/UFRGS 2026-2/Direito Processual Civil I-a/Slides/Aula 8 - PASSOS - reduzido.pdf,/Users/benecles/Documents/UFRGS 2026-2/Direito Processual Civil I-a/Moodle/2026-08-23 scrape/dir02002-process/Aula 8 - PASSOS - reduzido 2.pdf | /Users/benecles/Documents/UFRGS 2026-2/Direito Processual Civil I-a/Moodle/2026-08-23 scrape/dir02002-process/Aula 8 - PASSOS - reduzido.pdf | /Users/benecles/Documents/UFRGS 2026-2/Direito Processual Civil I-a/Moodle/legacy scrape (date unknown)/DIR02002 - Direito Processual Civil I-a/Doutrina/07 - PASSOS - Esboco teoria nulidades 2.pdf | /Users/benecles/Documents/UFRGS 2026-2/Direito Processual Civil I-a/Moodle/legacy scrape (date unknown)/DIR02002 - Direito Processual Civil I-a/Doutrina/07 - PASSOS - Esboco teoria nulidades.pdf,25e53785cf3b2c1b52791f9ba28d121ae53e61b46236cfc2b4f6ee423b455912,PDF scan,OCR done,Reused local 28/09 Tesseract OCR from source-intake; raw/unverified; spot-read PDF p. 2 against source page.
lucon-cpc-355-357,assigned_reading,assigned_reading,"Lucon, commentary on CPC arts. 355–357",/Users/benecles/Documents/UFRGS 2026-2/Direito Processual Civil I-a/Artigos/LUCON - Comentarios_aos_arts._355_a_357.pdf,/Users/benecles/Documents/UFRGS 2026-2/Direito Processual Civil I-a/Moodle/2026-08-23 scrape/dir02002-process/12 - LUCON - Comentarios arts 355-357 2.pdf | /Users/benecles/Documents/UFRGS 2026-2/Direito Processual Civil I-a/Moodle/2026-08-23 scrape/dir02002-process/12 - LUCON - Comentarios arts 355-357.pdf | /Users/benecles/Documents/UFRGS 2026-2/Direito Processual Civil I-a/Moodle/legacy scrape (date unknown)/DIR02002 - Direito Processual Civil I-a/Doutrina/12 - LUCON - Comentarios arts 355-357 2.pdf | /Users/benecles/Documents/UFRGS 2026-2/Direito Processual Civil I-a/Moodle/legacy scrape (date unknown)/DIR02002 - Direito Processual Civil I-a/Doutrina/12 - LUCON - Comentarios arts 355-357.pdf,625295db5a1d545efb0569bf71f9d4339e42b0e4ffb0ebfb37d412f42061b4fa,PDF scan,OCR done,Reused local 28/09 intake OCR; spot-read noted in source inventory.
knijnik-prova-caps1-2,assigned_reading,assigned_reading,"Knijnik, A prova nos juízos cível, penal e tributário, caps. I–II (pp. 3–48)",/Users/benecles/Documents/UFRGS 2026-2/Direito Processual Civil I-a/Moodle/2026-08-23 scrape/dir02002-process/06-knijnik-a-prova-nos-juizos-civel-penal-e-probatorio-cap-1-e-2.pdf,/Users/benecles/Documents/UFRGS 2026-2/Direito Processual Civil I-a/Moodle/legacy scrape (date unknown)/DIR02002 - Direito Processual Civil I-a/Doutrina/15 - KNIJNIK - Prova nos juizos civel penal e tributario 2.pdf | /Users/benecles/Documents/UFRGS 2026-2/Direito Processual Civil I-a/Moodle/legacy scrape (date unknown)/DIR02002 - Direito Processual Civil I-a/Doutrina/15 - KNIJNIK - Prova nos juizos civel penal e tributario.pdf,c9b7a74cb0d10dda876574ca415e00fbbf5c9d79fd70b0d28465a9635a9ac26a,PDF,text layer,
carpes-onus-da-prova,assigned_reading,assigned_reading,"Carpes, Ônus da prova, assigned pp. 45–61",/Users/benecles/Documents/UFRGS 2026-2/Direito Processual Civil I-a/Moodle/2026-08-23 scrape/dir02002-process/07-carpes-onus-da-prova.pdf,/Users/benecles/Documents/UFRGS 2026-2/Direito Processual Civil I-a/Moodle/legacy scrape (date unknown)/DIR02002 - Direito Processual Civil I-a/Doutrina/14 - CARPES - Onus da Prova 2.pdf | /Users/benecles/Documents/UFRGS 2026-2/Direito Processual Civil I-a/Moodle/legacy scrape (date unknown)/DIR02002 - Direito Processual Civil I-a/Doutrina/14 - CARPES - Onus da Prova.pdf,05f2cd0f74f171192b453f3b4870efbc807a254a775b82d10f6c7402296ced37,PDF,text layer,
costa-atos-processuais,moodle_supplement,moodle_supplement,"Costa, Atos Processuais",/Users/benecles/Documents/UFRGS 2026-2/Direito Processual Civil I-a/Moodle/2026-08-23 scrape/dir02002-process/08 - COSTA - Atos Processuais.pdf,"/Users/benecles/Documents/UFRGS 2026-2/Direito Processual Civil I-a/Moodle/2026-08-23 scrape/dir02002-process/08 - COSTA - Atos Processuais 2.pdf | /Users/benecles/Documents/UFRGS 2026-2/Direito Processual Civil I-a/Moodle/legacy scrape (date unknown)/DIR02002 - Direito Processual Civil I-a/Doutrina/08 - COSTA - Atos Processuais 2.pdf | /Users/benecles/Documents/UFRGS 2026-2/Direito Processual Civil I-a/Moodle/legacy scrape (date unknown)/DIR02002 - Direito Processual Civil I-a/Doutrina/08 - COSTA - Atos Processuais.pdf | /Users/benecles/Documents/UFRGS 2026-2/Direito Processual Civil I-a/Slides/aula 6 - COSTA, Eduardo José Fonseca da. Atos Processuais REDUZIDO.pdf",8405d42ce15fc6255ff17b95714f99ef87f8cda5fff8b5f4f524a1df83f010b9,PDF scan,OCR done,28/09 Costa extraction files were checked but contain only scan markers/watermarks; local Tesseract was rerun to a temporary file and spot-read against PDF p. 2.
koplin-audiencias,moodle_supplement,moodle_supplement,"Koplin, Um panorama geral sobre as audiências",/Users/benecles/Documents/UFRGS 2026-2/Direito Processual Civil I-a/Moodle/2026-08-23 scrape/dir02002-process/KLAUS KOPLIN - Um_panorama_geral_sobre_as_audiencias_no.pdf,/Users/benecles/Documents/UFRGS 2026-2/Direito Processual Civil I-a/Moodle/legacy scrape (date unknown)/DIR02002 - Direito Processual Civil I-a/Doutrina/10 - KLAUS KOPLIN - Panorama sobre audiencias 2.pdf | /Users/benecles/Documents/UFRGS 2026-2/Direito Processual Civil I-a/Moodle/legacy scrape (date unknown)/DIR02002 - Direito Processual Civil I-a/Doutrina/10 - KLAUS KOPLIN - Panorama sobre audiencias.pdf,93027a3b17fa21499d67ac4ea8a234f69d565a54ab1d0cc82da16a77df0933f0,PDF,text layer,
cintra-intervencao-ordem-juiz,assigned_reading,assigned_reading,"Cintra, Intervenção de terceiro por ordem do juiz, cap. 10 (week 5)",,,,not located,missing,No matching source found in course folder or inspected local locations.
cronograma-processo-civil-2026-2,syllabus,syllabus,Cronograma do Semestre - P1 - 2026-2 (official schedule),/Users/benecles/Documents/UFRGS 2026-2/Direito Processual Civil I-a/Anotações/Cronograma do Semestre - P1 - 2026-2.pdf,,00cc4ac459656dd99e6585da7b85681b3abb088cf9ddea5f03f0ae96b3f5fde8,PDF,text layer,Controls sequence/readings; Moodle copy is noted as a layout variant if its bytes differ.
cpc-lei-13105-capture-2026-09-28,statute,statute,CPC/2015 compiled text capture (2026-09-28),/Users/benecles/Developer/ordenacoes-filipinas-workshop/work/source-intake-2026-09-28/processo-civil/statute/cpc-lei-13105-2015-2026-09-28.html,,032509d4555660f1771cdb6a1cd9d5f1ad1470a75802a3bf30e54684ea08e7a4,HTML,text layer,Dated Planalto capture; refresh required for next source stage.
moodle-model-ar,moodle_model,moodle_model,Modelos e Exemplos: AR,/Users/benecles/Documents/UFRGS 2026-2/Direito Processual Civil I-a/Moodle/2026-08-23 scrape/dir02002-process/AR.png,/Users/benecles/Documents/UFRGS 2026-2/Direito Processual Civil I-a/Moodle/2026-08-23 scrape/dir02002-process/AR 2.png | /Users/benecles/Documents/UFRGS 2026-2/Direito Processual Civil I-a/Moodle/Obsidian Moodle Scrape/DIR02002 - Direito Processual Civil I-a/Modelos e Exemplos/03 - Exemplo de AR 2.png | /Users/benecles/Documents/UFRGS 2026-2/Direito Processual Civil I-a/Moodle/Obsidian Moodle Scrape/DIR02002 - Direito Processual Civil I-a/Modelos e Exemplos/03 - Exemplo de AR.png | /Users/benecles/Documents/UFRGS 2026-2/Direito Processual Civil I-a/Moodle/legacy scrape (date unknown)/DIR02002 - Direito Processual Civil I-a/Modelos e Exemplos/03 - Exemplo de AR 2.png | /Users/benecles/Documents/UFRGS 2026-2/Direito Processual Civil I-a/Moodle/legacy scrape (date unknown)/DIR02002 - Direito Processual Civil I-a/Modelos e Exemplos/03 - Exemplo de AR.png,f1c1828a9ca588bc224e6ebbd0b7b318c7e9402720997dcfaa08a822eac5300b,PNG image,OCR done,Local Tesseract; spot-read source image.
moodle-model-certidao-ne,moodle_model,moodle_model,Modelos e Exemplos: Certidão de NE,/Users/benecles/Documents/UFRGS 2026-2/Direito Processual Civil I-a/Moodle/2026-08-23 scrape/dir02002-process/Cert INT ne.png,/Users/benecles/Documents/UFRGS 2026-2/Direito Processual Civil I-a/Moodle/Obsidian Moodle Scrape/DIR02002 - Direito Processual Civil I-a/Modelos e Exemplos/02 - Exemplo Certificacao de NE 2.png | /Users/benecles/Documents/UFRGS 2026-2/Direito Processual Civil I-a/Moodle/Obsidian Moodle Scrape/DIR02002 - Direito Processual Civil I-a/Modelos e Exemplos/02 - Exemplo Certificacao de NE.png | /Users/benecles/Documents/UFRGS 2026-2/Direito Processual Civil I-a/Moodle/legacy scrape (date unknown)/DIR02002 - Direito Processual Civil I-a/Modelos e Exemplos/02 - Exemplo Certificacao de NE 2.png | /Users/benecles/Documents/UFRGS 2026-2/Direito Processual Civil I-a/Moodle/legacy scrape (date unknown)/DIR02002 - Direito Processual Civil I-a/Modelos e Exemplos/02 - Exemplo Certificacao de NE.png,16147d8fe4e1d29a50c80205a9692b668b471fc7415017abfb0287a12aa280aa,PNG image,OCR done,Local Tesseract; spot-read source image.
moodle-model-edital,moodle_model,moodle_model,Modelos e Exemplos: edital,/Users/benecles/Documents/UFRGS 2026-2/Direito Processual Civil I-a/Moodle/2026-08-23 scrape/dir02002-process/Edital.jpg,/Users/benecles/Documents/UFRGS 2026-2/Direito Processual Civil I-a/Moodle/Obsidian Moodle Scrape/DIR02002 - Direito Processual Civil I-a/Modelos e Exemplos/04 - Exemplo de Edital.jpg | /Users/benecles/Documents/UFRGS 2026-2/Direito Processual Civil I-a/Moodle/legacy scrape (date unknown)/DIR02002 - Direito Processual Civil I-a/Modelos e Exemplos/04 - Exemplo de Edital.jpg,e7e77c1bab1fbe395664981394e1b4c4f2377cb7db7738feccb3c4cc17d2c81b,JPEG image,OCR done,Local Tesseract; spot-read source image.
moodle-model-mandado-cumprido,moodle_model,moodle_model,Modelos e Exemplos: mandado cumprido/certificado,/Users/benecles/Documents/UFRGS 2026-2/Direito Processual Civil I-a/Moodle/2026-08-23 scrape/dir02002-process/mandado cumprido e certificado.jpg,/Users/benecles/Documents/UFRGS 2026-2/Direito Processual Civil I-a/Moodle/2026-08-23 scrape/dir02002-process/mandado cumprido e certificado 2.jpg | /Users/benecles/Documents/UFRGS 2026-2/Direito Processual Civil I-a/Moodle/Obsidian Moodle Scrape/DIR02002 - Direito Processual Civil I-a/Modelos e Exemplos/05 - Exemplo de mandado cumprido 2.jpg | /Users/benecles/Documents/UFRGS 2026-2/Direito Processual Civil I-a/Moodle/Obsidian Moodle Scrape/DIR02002 - Direito Processual Civil I-a/Modelos e Exemplos/05 - Exemplo de mandado cumprido.jpg | /Users/benecles/Documents/UFRGS 2026-2/Direito Processual Civil I-a/Moodle/legacy scrape (date unknown)/DIR02002 - Direito Processual Civil I-a/Modelos e Exemplos/05 - Exemplo de mandado cumprido 2.jpg | /Users/benecles/Documents/UFRGS 2026-2/Direito Processual Civil I-a/Moodle/legacy scrape (date unknown)/DIR02002 - Direito Processual Civil I-a/Modelos e Exemplos/05 - Exemplo de mandado cumprido.jpg,f50e2f27f3a4740e8f64876673028356fe4e6260d9fac7275deb8f6467272446,JPEG image,OCR done,Local Tesseract; spot-read source image.
moodle-model-mandado-nao-cumprido,moodle_model,moodle_model,Modelos e Exemplos: mandado não cumprido,/Users/benecles/Documents/UFRGS 2026-2/Direito Processual Civil I-a/Moodle/2026-08-23 scrape/dir02002-process/mandado nao cumprido.jpg,/Users/benecles/Documents/UFRGS 2026-2/Direito Processual Civil I-a/Moodle/Obsidian Moodle Scrape/DIR02002 - Direito Processual Civil I-a/Modelos e Exemplos/06 - Exemplo mandado nao cumprido.jpg | /Users/benecles/Documents/UFRGS 2026-2/Direito Processual Civil I-a/Moodle/legacy scrape (date unknown)/DIR02002 - Direito Processual Civil I-a/Modelos e Exemplos/06 - Exemplo mandado nao cumprido.jpg,c9f270d9235e700e6c731b9470b794243e5a1fc9ae65c7d571b4ef4701f4d59c,JPEG image,OCR done,Local Tesseract; spot-read source image.
moodle-model-julgamento-sinceridade,moodle_model,moodle_model,Modelos e Exemplos: julgamento conforme a sinceridade do processo,/Users/benecles/Documents/UFRGS 2026-2/Direito Processual Civil I-a/Moodle/2026-08-23 scrape/dir02002-process/julgamento conforme a sinceridade do processo.jpg,/Users/benecles/Documents/UFRGS 2026-2/Direito Processual Civil I-a/Moodle/Obsidian Moodle Scrape/DIR02002 - Direito Processual Civil I-a/Modelos e Exemplos/13 - Julgamento conforme a sinceridade do processo.jpg | /Users/benecles/Documents/UFRGS 2026-2/Direito Processual Civil I-a/Moodle/legacy scrape (date unknown)/DIR02002 - Direito Processual Civil I-a/Modelos e Exemplos/13 - Julgamento conforme a sinceridade do processo.jpg,3344622aa1554612169e076a48e5eeca83613c110cbd8f5b5c09f8ee9cb13cfd,JPEG image,OCR done,Local Tesseract; spot-read source image.
moodle-export-ar,moodle_export,moodle_export,Detached Moodle export: Exemplo de AR,/Users/benecles/Documents/UFRGS 2026-2/_A classificar/Direito Processual Civil I-a/Detached Moodle exports (no dated snapshot)/view.php,,8ef1459d77b37959f8b663ce7362a0db52b596d810bb6e893c94e3c576ac8388,HTML (saved with .php extension),text layer,Unplaced export; content-level companion to moodle-model-ar; retained in source folder.
moodle-export-certidao-ne,moodle_export,moodle_export,Detached Moodle export: Exemplo de Certificação de NE (autos físicos),/Users/benecles/Documents/UFRGS 2026-2/_A classificar/Direito Processual Civil I-a/Detached Moodle exports (no dated snapshot)/view (1).php,,930063b834c53bfb446388d2bb5eabe8a31c63da6397a4a11cfc8f8592cf90f1,HTML (saved with .php extension),text layer,Unplaced export; content-level companion to moodle-model-certidao-ne; retained in source folder.
moodle-export-edital,moodle_export,moodle_export,Detached Moodle export: Exemplo de Edital,/Users/benecles/Documents/UFRGS 2026-2/_A classificar/Direito Processual Civil I-a/Detached Moodle exports (no dated snapshot)/view (2).php,,ccc8367817c4a273d4b9ff228182f539fa684f42f1f2668c5ba499617ca80f98,HTML (saved with .php extension),text layer,Unplaced export; content-level companion to moodle-model-edital; retained in source folder.
moodle-export-mandado-cumprido,moodle_export,moodle_export,Detached Moodle export: Exemplo de mandado cumprido (autos físicos),/Users/benecles/Documents/UFRGS 2026-2/_A classificar/Direito Processual Civil I-a/Detached Moodle exports (no dated snapshot)/view (3).php,,f2fd3770058c7251d5db12f541e9d3f5de5789f57201ffc7fdae5186dd227835,HTML (saved with .php extension),text layer,Unplaced export; content-level companion to moodle-model-mandado-cumprido; retained in source folder.
moodle-export-mandado-nao-cumprido,moodle_export,moodle_export,Detached Moodle export: Exemplo pitoresco de mandado não cumprido,/Users/benecles/Documents/UFRGS 2026-2/_A classificar/Direito Processual Civil I-a/Detached Moodle exports (no dated snapshot)/view (4).php,,551a617cfad85f4b6c61925d130c0aa3cc719dafbdd3a3ec06a2aec944f167ac,HTML (saved with .php extension),text layer,Unplaced export; content-level companion to moodle-model-mandado-nao-cumprido; retained in source folder.
exam-2015-1-avaliacao-1,exam,exam,"2015/1 Avaliação 1 (29/04), Scarparo",/Users/benecles/Documents/UFRGS 2026-2/Direito Processual Civil I-a/Exercícios e provas/Direito Processual Civil I - Eduardo Kochemborger Scarparo - Prova 1.pdf,,4e6475e0978bcd8b5bd885a25802a9cb5b391dd128c5fdb3c76c2ff7ed516965,PDF,text layer,
exam-2015-1-avaliacao-2,exam,exam,"2015/1 Avaliação 2 (24/06), Scarparo; only P2 exam in this set",/Users/benecles/Documents/UFRGS 2026-2/Direito Processual Civil I-a/Exercícios e provas/Direito Processual Civil I - Eduardo Kochemborger Scarparo - Prova 2.pdf,,daff5a5b694a94a50d2898937862d7b583989aaa2e38129d843bf5502566b01a,PDF,text layer,
exam-2017-2-p1,exam,exam,"2017/2 P1 (31/10), Scarparo, with gabarito",/Users/benecles/Documents/UFRGS 2026-2/Direito Processual Civil I-a/Exercícios e provas/2017_2 - P1 - Scarparo (31-10-2017) - gabarito.pdf,,8f6b90c53a43044bd44bfe3eabd4c31be05b34af7b150181c651bfe323cc9f19,PDF,text layer,
exam-2018-1-p1,exam,exam,"2018/1 P1 (30/04), Scarparo, with gabarito",/Users/benecles/Documents/UFRGS 2026-2/Direito Processual Civil I-a/Exercícios e provas/2018_1 - P1 - Scarparo (30-04-2018) - gabarito.pdf,,193827903899c427553b9a3df70da290315f4f5f456e582e90bc2064bc6a046a,PDF,text layer,
exam-2018-2-p1-v1,exam,exam,"2018/2 P1 v1 (02/10), Scarparo, with gabarito",/Users/benecles/Documents/UFRGS 2026-2/Direito Processual Civil I-a/Exercícios e provas/2018_2 - P1 v1 - Scarparo (02-10-2018) - gabarito.pdf,,8e931d0be2fe9ada2618d9f463d3d8ffa921d51dc76ce7801544dfa6f88277a3,PDF,text layer,
exam-2018-2-p1-v2,exam,exam,"2018/2 P1 v2 (02/10), Scarparo, with gabarito",/Users/benecles/Documents/UFRGS 2026-2/Direito Processual Civil I-a/Exercícios e provas/2018_2 - P1 v2 - Scarparo (02-10-2018) - gabarito.pdf,,9ba8eec150ab8e1c401d99e49b84d22b34f75ec7d9d07cc5458cc3106068d505,PDF,text layer,Different file/hash from v1; retain as a version.
exam-2019-2-p1,exam,exam,"2019/2 P1 (03/09), Scarparo","/Users/benecles/Documents/UFRGS 2026-2/Direito Processual Civil I-a/Exercícios e provas/2019_2 - P1 (scan, needs local OCR).pdf",,2862ed2cae46bb7865b83aeccd2cae616896c8cd6b21762e2072596ff0119876,PDF,OCR done,Local Tesseract OCR; spot-read header and question text against scan.
exam-2025-2-p1-candidate,exam_candidate,exam_candidate,2025/2 P1 candidate (filename: mily),/Users/benecles/Documents/UFRGS 2026-2/Direito Processual Civil I-a/Exercícios e provas/2025_2 - P1 - mily.pdf,,7415f1b40bc486919c31517d945d6d20f3efa25adc26b44b280700dd452203ae,PDF,OCR done,"Damaged PDF streams; OCR run locally across four pages. Spot-read identifies Sérgio Mattos, not Scarparo; chairman question recorded in RUN-PROC-R2.md."
peer-note-resuminho,peer_guidance,peer_guidance,RESUMINHO (resumo de colega),/Users/benecles/Documents/UFRGS 2026-2/Direito Processual Civil I-a/Anotações/RESUMINHO (resumo de colega).pdf,,52f61969addfeb21cd56d723729bac138f307db6f4bbd1506c4bbe927ba0d4c2,PDF,text layer,Guidance only; never a source for factual claims.
peer-note-carolina-leite-p2,peer_guidance,peer_guidance,"Carolina Leite, Direito Processual Civil I p2",/Users/benecles/Documents/UFRGS 2026-2/Direito Processual Civil I-a/Anotações/Carolina Leite - Direito Processual Civil I p2.pdf,,58a5bf7663b60792e6e0b3ea81ce29093730a3f4e8e2124a932f0e8b224b3829,PDF,text layer,Guidance only; never a source for factual claims.
peer-note-whatsapp-00001291,peer_guidance,peer_guidance,"WhatsApp C10, 00001291 Direito Processual Civil I",/Users/benecles/Documents/UFRGS 2026-2/Direito Processual Civil I-a/Materiais de estudo/WhatsApp C10/00001291-Direito Processual Civil I.pdf,,0ad944dba1e6426059eed06e4aa6d0ebf9d585092246dc19bc9b9f904a77ae21,PDF,text layer,Guidance only; never a source for factual claims.
peer-note-whatsapp-00003003,peer_guidance,peer_guidance,"WhatsApp C10, 00003003-2608",/Users/benecles/Documents/UFRGS 2026-2/Direito Processual Civil I-a/Materiais de estudo/WhatsApp C10/00003003-2608.pdf,,1c1357fc7525d122396db7218a7bce5d762ddb024dc299c3af7c7ff02b5ac714,PDF,text layer,Guidance only; never a source for factual claims.
exam-questions-extract-2026-09-28,exam_extract,exam_extract,28/09 intake questions.csv (28 extracted questions; starting point only),/Users/benecles/Developer/ordenacoes-filipinas-workshop/work/source-intake-2026-09-28/processo-civil/batches/exams/questions.csv,,033e6216bd9f212619ce1d0f72d6171413c6da2edc375410282106dbceb3a3df,CSV,text layer,Derived from three older exams; reconcile against originals before use.
moodle-exercise-list,moodle_exercise,moodle_exercise,Standalone Moodle exercise list (none located in inspected course snapshot),,,,not located,missing,"No separate exercise-list file surfaced in the dated, legacy, or Obsidian course Moodle inventories; the eight exam PDFs and 28-question 28/09 extract are separately inventoried."
